polarity,homeless,homeless_trend
0.6361,13,10
0.6361,13,10
0.6361,13,10
0.8534,13,10
0.8534,13,10
0.8534,13,10
0.8992,5061,2024
0.8992,5061,2024
0.8992,5061,2024
0.6597,5061,2024
0.6597,5061,2024
0.6597,5061,2024
0.6369,5061,2024
0.6369,5061,2024
0.6369,5061,2024
0.8122,4,-9
0.8122,4,-9
0.8122,4,-9
0.76,4,-9
0.76,4,-9
0.76,4,-9
0.6705,5813,1624
0.6705,5813,1624
0.6705,5813,1624
0.5983,327,48
0.5983,327,48
0.5983,327,48
0.765,13,10
0.765,13,10
0.765,13,10
0.6249,672,189
0.6249,672,189
0.6249,672,189
0.8011,5061,2024
0.8011,5061,2024
0.8011,5061,2024
0.6908,4,-9
0.6908,4,-9
0.6908,4,-9
0.6369,4,-9
0.6369,4,-9
0.6369,4,-9
0.6124,4,-9
0.6124,4,-9
0.6124,4,-9
0.765,4,-9
0.765,4,-9
0.765,4,-9
0.5267,5061,2024
0.765,4,-9
0.5719,5061,2024
0.5994,1599,-140
0.8519,5061,2024
0.8519,4,-9
0.765,5061,2024
0.5994,13,10
0.8126,5813,1624
0.8126,1708,368
0.765,5061,2024
0.5913,327,48
0.5994,4,-9
0.8346,4,-9
0.5106,327,48
0.7177,4,-9
0.8555,1708,368
0.7003,890,283
0.5766,4,-9
0.8885,4,-9
0.8353,4,-9
0.5093,4,-9
0.5106,5813,1624
0.6553,5061,2024
0.5719,165,44
0.6369,3129,3129
0.7096,13,10
0.8286,5061,2024
0.7269,1205,179
0.632,4,-9
0.7906,1205,179
0.8442,4,-9
0.6114,3129,3129
0.5709,1708,368
0.8011,5061,2024
0.5994,355,-3
0.5859,5813,1624
0.5542,1166,426
0.6249,1708,368
0.7506,1708,368
0.765,4,-9
0.784,5813,1624
0.8519,1599,-140
0.765,5061,2024
0.8122,1708,368
0.5423,5061,2024
0.8519,337,114
0.7901,5813,1624
0.6249,2582,2582
0.5267,5061,2024
0.5994,5061,2024
0.5719,4,-9
0.5423,247,99
0.7506,5061,2024
0.5562,5813,1624
0.6467,1708,368
0.5994,5061,2024
0.5106,4,-9
0.8779,183,183
0.7579,13,10
0.5106,4,-9
0.6249,1166,426
0.765,5061,2024
0.765,5061,2024
0.765,5061,2024
0.8519,1599,-140
0.8519,1599,-140
0.8519,1599,-140
0.8519,5061,2024
0.8519,5061,2024
0.8519,5061,2024
0.8519,4,-9
0.8519,4,-9
0.8519,4,-9
0.6369,4,-9
0.6369,4,-9
0.6369,4,-9
0.5423,5061,2024
0.5423,5061,2024
0.5423,5061,2024
0.5994,327,48
0.5994,327,48
0.5994,327,48
0.5707,266,-51
0.5707,266,-51
0.5707,266,-51
0.7964,5061,2024
0.7964,5061,2024
0.7964,5061,2024
0.8555,4,-9
0.8555,4,-9
0.8555,4,-9
0.636,174,16
0.636,174,16
0.636,174,16
0.6369,66,66
0.6369,66,66
0.6369,66,66
0.8236,4,-9
0.8236,4,-9
0.8236,4,-9
0.5994,13,10
0.5994,13,10
0.5994,13,10
0.7717,1205,179
0.7717,1205,179
0.7717,1205,179
0.6166,5061,2024
0.6166,5061,2024
0.6166,5061,2024
0.6249,247,99
0.6249,247,99
0.6249,247,99
0.6249,247,99
0.5868,5061,2024
0.5868,5061,2024
0.5868,5061,2024
0.5868,5061,2024
0.7297,738,121
0.7297,738,121
0.7297,738,121
0.7297,738,121
0.5574,444,136
0.5574,444,136
0.5574,444,136
0.5574,444,136
0.5267,4,-9
0.5267,4,-9
0.5267,4,-9
0.5267,4,-9
0.6249,4,-9
0.6249,4,-9
0.6249,4,-9
0.6249,4,-9
0.6369,1708,368
0.6369,1708,368
0.6369,1708,368
0.6369,1708,368
0.8316,1205,179
0.8316,1205,179
0.8316,1205,179
0.8316,1205,179
0.743,4,-9
0.743,4,-9
0.743,4,-9
0.743,4,-9
0.5994,0,-1215
0.5994,0,-1215
0.5994,0,-1215
0.5994,0,-1215
0.5106,1599,-140
0.5106,1599,-140
0.5106,1599,-140
0.5106,1599,-140
0.6369,1166,426
0.6369,1166,426
0.6369,1166,426
0.6369,1166,426
0.5994,1708,368
0.5994,1708,368
0.5994,1708,368
0.5994,1708,368
0.6249,5061,2024
0.6249,5061,2024
0.6249,5061,2024
0.6249,5061,2024
0.5859,4,-9
0.5859,4,-9
0.5859,4,-9
0.5859,4,-9
0.5803,4,-9
0.5803,4,-9
0.5803,4,-9
0.5803,4,-9
0.9483,4,-9
0.9483,4,-9
0.9483,4,-9
0.9483,4,-9
0.8313,5061,2024
0.8313,5061,2024
0.8313,5061,2024
0.8313,5061,2024
0.5994,309,42
0.5994,309,42
0.5994,309,42
0.5994,309,42
0.5994,411,51
0.5994,411,51
0.5994,411,51
0.5994,411,51
0.8271,41,41
0.8271,41,41
0.8271,41,41
0.8271,41,41
0.657,121,43
0.657,121,43
0.657,121,43
0.657,121,43
0.9062,2582,2582
0.9062,2582,2582
0.9062,2582,2582
0.9062,2582,2582
0.6989,0,-1215
0.6989,0,-1215
0.6989,0,-1215
0.6989,0,-1215
0.5826,13,10
0.5826,13,10
0.5826,13,10
0.5826,13,10
0.5859,4,-9
0.5859,4,-9
0.5859,4,-9
0.5859,4,-9
0.7783,5061,2024
0.7783,5061,2024
0.7783,5061,2024
0.7783,5061,2024
0.6369,5061,2024
0.6369,5061,2024
0.6369,5061,2024
0.6369,5061,2024
0.6249,2582,2582
0.6249,2582,2582
0.6249,2582,2582
0.6249,2582,2582
0.8442,13,10
0.8442,13,10
0.8442,13,10
0.8442,13,10
0.8271,41,41
0.8271,41,41
0.8271,41,41
0.8271,41,41
0.7537,251,47
0.7537,251,47
0.7537,251,47
0.7537,251,47
0.5719,4,-9
0.5719,4,-9
0.5719,4,-9
0.5719,4,-9
0.6369,4,-9
0.6369,4,-9
0.6369,4,-9
0.6369,4,-9
0.508,5061,2024
0.508,5061,2024
0.508,5061,2024
0.508,5061,2024
0.5719,1708,368
0.5719,1708,368
0.5719,1708,368
0.5719,1708,368
0.795,750,120
0.795,750,120
0.795,750,120
0.795,750,120
0.5267,387,78
0.5267,387,78
0.5267,387,78
0.5267,387,78
0.802,337,114
0.802,337,114
0.802,337,114
0.802,337,114
0.6249,1708,368
0.6249,1708,368
0.6249,1708,368
0.6249,1708,368
0.802,4,-9
0.802,4,-9
0.802,4,-9
0.802,4,-9
0.6249,13,10
0.6249,13,10
0.6249,13,10
0.6249,13,10
0.7351,1599,-140
0.7351,1599,-140
0.7351,1599,-140
0.7351,1599,-140
0.8316,5061,2024
0.8316,5061,2024
0.8316,5061,2024
0.5411,4,-9
0.5411,4,-9
0.5411,4,-9
0.8519,1599,-140
0.8519,1599,-140
0.8519,1599,-140
0.5255,4,-9
0.5255,4,-9
0.5255,4,-9
0.765,5061,2024
0.765,5061,2024
0.765,5061,2024
0.6696,4,-9
0.6696,4,-9
0.6696,4,-9
0.8074,4,-9
0.8074,4,-9
0.8074,4,-9
0.7405,456,149
0.7405,456,149
0.7405,456,149
0.5106,4,-9
0.5106,4,-9
0.5106,4,-9
0.7717,5061,2024
0.7717,5061,2024
0.7717,5061,2024
0.8478,5061,2024
0.8478,5061,2024
0.8478,5061,2024
0.8519,5061,2024
0.8519,5061,2024
0.8519,5061,2024
0.6114,355,-3
0.6114,355,-3
0.6114,355,-3
0.7906,2582,2582
0.7906,2582,2582
0.7906,2582,2582
0.7906,95,38
0.7906,95,38
0.7906,95,38
0.5106,66,66
0.5106,66,66
0.5106,66,66
0.6114,355,-3
0.6114,355,-3
0.6114,355,-3
0.5093,5061,2024
0.5093,5061,2024
0.5093,5061,2024
0.6369,709,-241
0.6369,709,-241
0.6369,709,-241
0.6705,5061,2024
0.6705,5061,2024
0.6705,5061,2024
0.8126,5061,2024
0.8126,5061,2024
0.8126,5061,2024
0.7964,5061,2024
0.7964,5061,2024
0.7964,5061,2024
0.5859,709,-241
0.5859,709,-241
0.5859,709,-241
0.5859,5061,2024
0.5859,5061,2024
0.5859,5061,2024
0.9179,709,-241
0.9179,709,-241
0.9179,709,-241
0.7506,709,-241
0.7506,709,-241
0.7506,709,-241
0.5859,3129,3129
0.5859,3129,3129
0.5859,3129,3129
0.5696,0,-1215
0.5696,0,-1215
0.5696,0,-1215
0.802,4,-9
0.802,4,-9
0.802,4,-9
0.5994,355,-3
0.5994,355,-3
0.5994,355,-3
0.8684,5813,1624
0.8684,5813,1624
0.8684,5813,1624
0.8126,13,10
0.8126,13,10
0.8126,13,10
0.5859,493,4
0.5859,493,4
0.5859,493,4
0.6249,5061,2024
0.6249,5061,2024
0.6249,5061,2024
0.7277,1708,368
0.7277,1708,368
0.7277,1708,368
0.5859,3129,3129
0.5859,3129,3129
0.5859,3129,3129
0.6369,4,-9
0.6369,4,-9
0.6369,4,-9
0.8126,62,1
0.8126,62,1
0.8126,62,1
0.7351,1166,426
0.7351,1166,426
0.7351,1166,426
0.836,1708,368
0.836,1708,368
0.836,1708,368
0.7088,5061,2024
0.7088,5061,2024
0.7088,5061,2024
0.7351,4,-9
0.7351,4,-9
0.7351,4,-9
0.765,337,114
0.765,337,114
0.765,337,114
0.8519,4,-9
0.8519,4,-9
0.8519,4,-9
0.8519,5061,2024
0.8519,5061,2024
0.8519,5061,2024
0.8519,5061,2024
0.8519,5061,2024
0.8519,5061,2024
0.7351,5061,2024
0.7351,5061,2024
0.7351,5061,2024
0.6808,387,78
0.6808,387,78
0.6808,387,78
0.765,5061,2024
0.765,5061,2024
0.765,5061,2024
0.5719,5061,2024
0.5719,5061,2024
0.5719,5061,2024
0.7964,5061,2024
0.7964,5061,2024
0.7964,5061,2024
0.7734,1708,368
0.7734,1708,368
0.7734,1708,368
0.7906,225,107
0.7906,225,107
0.7906,225,107
0.6808,4,-9
0.6808,4,-9
0.6808,4,-9
0.8126,327,48
0.8126,327,48
0.8126,327,48
0.765,13,10
0.765,13,10
0.765,13,10
0.5162,5061,2024
0.5162,5061,2024
0.5162,5061,2024
0.5267,1708,368
0.5267,1708,368
0.5267,1708,368
0.6239,5061,2024
0.6239,5061,2024
0.6239,5061,2024
0.6114,4,-9
0.6114,4,-9
0.6114,4,-9
0.7424,4,-9
0.7424,4,-9
0.7424,4,-9
0.5267,4,-9
0.5267,4,-9
0.5267,4,-9
0.6249,1708,368
0.6249,1708,368
0.6249,1708,368
0.6249,4,-9
0.6249,4,-9
0.6249,4,-9
0.6825,5061,2024
0.6825,5061,2024
0.6825,5061,2024
0.5994,5061,2024
0.5994,5061,2024
0.5994,5061,2024
0.6705,2582,2582
0.6705,2582,2582
0.6705,2582,2582
0.5574,165,44
0.5574,165,44
0.5574,165,44
0.568,5061,2024
0.568,5061,2024
0.568,5061,2024
0.7297,387,78
0.7297,387,78
0.7297,387,78
0.765,1708,368
0.765,1708,368
0.765,1708,368
0.6369,372,372
0.6369,372,372
0.6369,372,372
0.8166,225,107
0.8166,225,107
0.8166,225,107
0.7351,4,-9
0.7351,4,-9
0.7351,4,-9
0.5994,1166,426
0.5994,1166,426
0.5994,1166,426
0.5994,709,-241
0.5994,709,-241
0.5994,709,-241
0.5267,36,13
0.5267,36,13
0.5267,36,13
0.5859,4,-9
0.5859,4,-9
0.5859,4,-9
0.6369,456,149
0.6369,456,149
0.6369,456,149
0.836,1708,368
0.836,1708,368
0.836,1708,368
0.6249,1708,368
0.6249,1708,368
0.6249,1708,368
0.6124,4,-9
0.6124,4,-9
0.6124,4,-9
0.75,165,44
0.75,165,44
0.75,165,44
0.7081,750,120
0.7081,750,120
0.7081,750,120
0.7088,1708,368
0.7088,1708,368
0.7088,1708,368
0.8126,1708,368
0.8126,1708,368
0.8126,1708,368
0.5994,5061,2024
0.5994,5061,2024
0.5994,5061,2024
0.7708,4,-9
0.7708,4,-9
0.7708,4,-9
0.8811,5061,2024
0.8811,5061,2024
0.8811,5061,2024
0.7906,5061,2024
0.7906,5061,2024
0.7906,5061,2024
0.5719,13,10
0.5719,13,10
0.5719,13,10
0.7906,5061,2024
0.7906,5061,2024
0.7906,5061,2024
0.5562,5061,2024
0.5562,5061,2024
0.5562,5061,2024
0.5562,5813,1624
0.5562,5813,1624
0.5562,5813,1624
0.5994,231,32
0.5994,231,32
0.5994,231,32
0.6696,1599,-140
0.6696,1599,-140
0.6696,1599,-140
0.6249,4,-9
0.6249,4,-9
0.6249,4,-9
0.5719,1708,368
0.5719,1708,368
0.5719,1708,368
0.5719,1708,368
0.8779,5061,2024
0.8779,5061,2024
0.8779,5061,2024
0.8779,5061,2024
0.5859,4,-9
0.5859,4,-9
0.5859,4,-9
0.5859,4,-9
0.6467,13,10
0.6467,13,10
0.6467,13,10
0.6467,13,10
0.7932,13,10
0.7932,13,10
0.7932,13,10
0.7932,13,10
0.763,497,115
0.763,497,115
0.763,497,115
0.763,497,115
0.7424,5061,2024
0.7424,5061,2024
0.7424,5061,2024
0.7424,5061,2024
0.5859,5061,2024
0.5859,5061,2024
0.5859,5061,2024
0.5859,5061,2024
0.8066,4,-9
0.8066,4,-9
0.8066,4,-9
0.8066,4,-9
0.7865,3129,3129
0.7865,3129,3129
0.7865,3129,3129
0.7865,3129,3129
0.7156,5061,2024
0.7156,5061,2024
0.7156,5061,2024
0.7156,5061,2024
0.9062,240,-170
0.9062,240,-170
0.9062,240,-170
0.9062,240,-170
0.5574,4,-9
0.5574,4,-9
0.5574,4,-9
0.5574,4,-9
0.5859,5061,2024
0.5859,5061,2024
0.5859,5061,2024
0.5859,5061,2024
0.7896,75,-30
0.7896,75,-30
0.7896,75,-30
0.7896,75,-30
0.658,4,-9
0.658,4,-9
0.658,4,-9
0.658,4,-9
0.6369,2582,2582
0.6369,2582,2582
0.6369,2582,2582
0.6369,2582,2582
0.6996,750,120
0.6996,750,120
0.6996,750,120
0.6996,750,120
0.5859,5061,2024
0.5859,5061,2024
0.5859,5061,2024
0.5859,5061,2024
0.5574,4,-9
0.5574,4,-9
0.5574,4,-9
0.5574,4,-9
0.6249,5061,2024
0.6249,5061,2024
0.6249,5061,2024
0.6249,5061,2024
0.6369,1708,368
0.6369,1708,368
0.6369,1708,368
0.6369,1708,368
0.6124,4,-9
0.6124,4,-9
0.6124,4,-9
0.6124,4,-9
0.7283,251,47
0.7283,251,47
0.7283,251,47
0.7283,251,47
0.7633,4,-9
0.7633,4,-9
0.7633,4,-9
0.7633,4,-9
0.6588,4,-9
0.6588,4,-9
0.6588,4,-9
0.6588,4,-9
0.9001,1708,368
0.9001,1708,368
0.9001,1708,368
0.9001,1708,368
0.5994,5061,2024
0.5994,5061,2024
0.5994,5061,2024
0.5994,5061,2024
0.6369,5061,2024
0.6369,5061,2024
0.6369,5061,2024
0.6369,5061,2024
0.5093,750,120
0.5093,750,120
0.5093,750,120
0.5093,750,120
0.5994,5061,2024
0.5994,5061,2024
0.5994,5061,2024
0.5994,5061,2024
0.5106,5061,2024
0.5106,5061,2024
0.5106,5061,2024
0.5106,5061,2024
0.6249,497,115
0.6249,497,115
0.7184,4,-9
0.7184,4,-9
0.908,5061,2024
0.908,5061,2024
0.5256,4,-9
0.5256,4,-9
0.7579,5061,2024
0.7579,5061,2024
0.6908,4,-9
0.6908,4,-9
0.7003,183,183
0.7003,183,183
0.5106,672,189
0.5106,672,189
0.6369,4,-9
0.5574,0,-403
0.6369,4,-9
0.5574,0,-403
0.6908,4,-9
0.6908,4,-9
0.7003,4,-9
0.7003,4,-9
0.5367,20,-2
0.5367,20,-2
0.5267,5061,2024
0.5267,5061,2024
0.5411,1708,368
0.5411,1708,368
0.8702,13,10
0.8702,13,10
0.5267,174,16
0.5267,174,16
0.743,4,-9
0.743,4,-9
0.9601,4,-9
0.9601,4,-9
0.6705,5061,2024
0.6705,5061,2024
0.9118,411,51
0.9118,411,51
0.9172,4,-9
0.9172,4,-9
0.5719,750,120
0.5719,750,120
0.5719,750,120
0.5106,4,-9
0.5106,4,-9
0.5106,4,-9
0.5719,13,10
0.5719,13,10
0.5719,13,10
0.8286,212,84
0.8286,212,84
0.8286,212,84
0.6249,4,-9
0.6249,4,-9
0.6249,4,-9
0.743,205,92
0.743,205,92
0.743,205,92
0.5766,65,-6
0.5766,65,-6
0.5766,65,-6
0.765,709,-241
0.765,709,-241
0.765,709,-241
0.6249,4,-9
0.6249,4,-9
0.6249,4,-9
0.8481,13,10
0.8481,13,10
0.8481,13,10
0.7845,4,-9
0.7845,4,-9
0.7845,4,-9
0.636,1708,368
0.636,1708,368
0.636,1708,368
0.6249,5061,2024
0.6249,5061,2024
0.6249,5061,2024
0.5106,738,121
0.5106,738,121
0.5106,738,121
0.7777,1205,179
0.7777,1205,179
0.7777,1205,179
0.7096,5813,1624
0.7096,5813,1624
0.7096,5813,1624
0.7717,5061,2024
0.7717,5061,2024
0.7717,5061,2024
0.5487,4,-9
0.5487,4,-9
0.5487,4,-9
0.6249,17,3
0.6249,17,3
0.6249,17,3
0.7469,44,13
0.7469,44,13
0.7469,44,13
0.8034,2582,2582
0.8034,2582,2582
0.8034,2582,2582
0.9393,13,10
0.9393,13,10
0.9393,13,10
0.8519,5061,2024
0.8519,5061,2024
0.8519,5061,2024
0.5684,1205,179
0.5684,1205,179
0.5684,1205,179
0.6239,4,-9
0.6239,4,-9
0.6239,4,-9
0.7992,4,-9
0.7992,4,-9
0.7992,4,-9
0.7269,5061,2024
0.7269,5061,2024
0.7269,5061,2024
0.6249,5813,1624
0.6249,5813,1624
0.6249,5813,1624
0.5411,4,-9
0.5411,4,-9
0.5411,4,-9
0.5574,3129,3129
0.5574,3129,3129
0.5574,3129,3129
0.6682,20,-10
0.6682,20,-10
0.6682,20,-10
0.8519,5061,2024
0.8519,5061,2024
0.8519,5061,2024
0.5994,5813,1624
0.5994,5813,1624
0.5994,5813,1624
0.8402,4,-9
0.8402,4,-9
0.8402,4,-9
0.5598,77,-65
0.5598,77,-65
0.5598,77,-65
0.765,4,-9
0.765,4,-9
0.765,4,-9
0.5574,4,-9
0.5574,4,-9
0.5574,4,-9
0.8519,5061,2024
0.8519,5061,2024
0.8519,5061,2024
0.8519,5061,2024
0.8519,5061,2024
0.8519,5061,2024
0.6696,4,-9
0.6696,4,-9
0.6696,4,-9
0.765,4,-9
0.765,4,-9
0.765,4,-9
0.765,4,-9
0.765,4,-9
0.765,4,-9
0.8519,4,-9
0.8519,4,-9
0.8519,4,-9
0.765,5813,1624
0.765,5813,1624
0.765,5813,1624
0.5754,4,-9
0.5754,4,-9
0.5754,4,-9
0.5719,4,-9
0.5719,4,-9
0.5719,4,-9
0.9035,337,114
0.9035,337,114
0.9035,337,114
0.5719,4,-9
0.5719,4,-9
0.5719,4,-9
0.6114,4,-9
0.6114,4,-9
0.6114,4,-9
0.7717,1708,368
0.7717,1708,368
0.7717,1708,368
0.5267,4,-9
0.5267,4,-9
0.5267,4,-9
0.7506,1708,368
0.7506,1708,368
0.7506,1708,368
0.636,709,-241
0.636,709,-241
0.636,709,-241
0.8316,4,-9
0.8316,4,-9
0.8316,4,-9
0.8176,387,78
0.8176,387,78
0.8176,387,78
0.6249,4,-9
0.6249,4,-9
0.6249,4,-9
0.6514,9,-9
0.6514,9,-9
0.6514,9,-9
0.6892,4,-9
0.6892,4,-9
0.6892,4,-9
0.5859,248,-33
0.5859,248,-33
0.5859,248,-33
0.5983,13,10
0.5983,13,10
0.5983,13,10
0.5983,13,10
0.6249,5061,2024
0.6249,5061,2024
0.6249,5061,2024
0.6249,5061,2024
0.6369,4,-9
0.6369,4,-9
0.6369,4,-9
0.6369,4,-9
0.6249,5813,1624
0.6369,4,-9
0.6249,295,-14
0.5106,4,-9
0.872,309,42
0.6249,5061,2024
0.7269,5061,2024
0.5994,251,47
0.6249,5061,2024
0.8402,4,-9
0.7955,2582,2582
0.5859,5061,2024
0.6705,13,10
0.8074,4,-9
0.5411,5061,2024
0.8225,13,10
0.6369,1708,368
0.7184,4,-9
0.6369,0,-403
0.6369,5061,2024
0.7964,5061,2024
0.6369,13,10
0.8519,4,-9
0.8519,4,-9
0.5848,4,-9
0.765,4,-9
0.8528,709,-241
0.765,3129,3129
0.765,4,-9
0.8519,1599,-140
0.6369,4,-9
0.6249,168,-2
0.8519,5061,2024
0.5093,4,-9
0.8213,4,-9
0.8885,1166,426
0.8519,266,-51
0.8338,1166,426
0.765,1166,426
0.7783,5813,1624
0.8519,5061,2024
0.9147,5813,1624
0.7777,4,-9
0.8442,2582,2582
0.6114,4,-9
0.7049,4,-9
0.6369,987,987
0.5859,51,18
0.9359,1708,368
0.5719,165,44
0.7142,4,-9
0.5719,5061,2024
0.5994,5061,2024
0.6808,5061,2024
0.7964,4,-9
0.5386,5061,2024
0.6808,5061,2024
0.9037,5061,2024
0.6249,5061,2024
0.5093,5813,1624
0.7184,4,-9
0.8038,4,-9
0.5106,1708,368
0.5574,4,-9
0.5859,165,44
0.7474,225,107
0.6597,121,72
0.5719,5813,1624
0.7096,1166,426
0.5994,12,2
0.6696,5061,2024
0.5267,13,10
0.5562,0,-403
0.8168,5061,2024
0.8168,5061,2024
0.8168,5061,2024
0.765,4,-9
0.765,4,-9
0.765,4,-9
0.7672,1367,380
0.7672,1367,380
0.7672,1367,380
0.5574,295,-14
0.5574,295,-14
0.5574,295,-14
0.8625,5813,1624
0.8625,5813,1624
0.8625,5813,1624
0.8481,5061,2024
0.8481,5061,2024
0.8481,5061,2024
0.8176,4,-9
0.8176,4,-9
0.8176,4,-9
0.765,5813,1624
0.765,5813,1624
0.765,5813,1624
0.5538,4,-9
0.5538,4,-9
0.5538,4,-9
0.8519,4,-9
0.8519,4,-9
0.8519,4,-9
0.5719,327,48
0.5719,327,48
0.5719,327,48
0.836,4,-9
0.836,4,-9
0.836,4,-9
0.6249,295,-14
0.6249,295,-14
0.6249,295,-14
0.6705,4,-9
0.6705,4,-9
0.6705,4,-9
0.7707,4,-9
0.7707,4,-9
0.7707,4,-9
0.6249,4,-9
0.6249,4,-9
0.6249,4,-9
0.7783,497,115
0.7783,497,115
0.7783,497,115
0.7184,2582,2582
0.7184,2582,2582
0.7184,2582,2582
0.5106,5813,1624
0.5106,5813,1624
0.5106,5813,1624
0.5859,1708,368
0.5859,1708,368
0.5859,1708,368
0.5719,4,-9
0.5719,4,-9
0.5719,4,-9
0.624,5813,1624
0.624,5813,1624
0.624,5813,1624
0.5719,255,-3
0.5719,255,-3
0.5719,255,-3
0.6124,1708,368
0.6124,1708,368
0.6124,1708,368
0.8118,327,48
0.8118,327,48
0.8118,327,48
0.6369,5813,1624
0.6369,5813,1624
0.6369,5813,1624
0.5423,5813,1624
0.5423,5813,1624
0.5423,5813,1624
0.5994,65,-6
0.5994,65,-6
0.5994,65,-6
0.626,4,-9
0.626,4,-9
0.626,4,-9
0.9741,1708,368
0.9741,1708,368
0.9741,1708,368
0.7783,5061,2024
0.7783,5061,2024
0.7783,5061,2024
0.743,4,-9
0.743,4,-9
0.743,4,-9
0.6114,4,-9
0.6114,4,-9
0.6114,4,-9
0.7424,5061,2024
0.7424,5061,2024
0.7424,5061,2024
0.8356,4,-9
0.8356,4,-9
0.8356,4,-9
0.6588,4,-9
0.6588,4,-9
0.6588,4,-9
0.6369,1708,368
0.6369,1708,368
0.6369,1708,368
0.6369,4,-9
0.6369,4,-9
0.6369,4,-9
0.9124,750,120
0.9124,750,120
0.9124,750,120
0.7783,3129,3129
0.7783,3129,3129
0.7783,3129,3129
0.6249,4,-9
0.6249,4,-9
0.6249,4,-9
0.765,327,48
0.765,327,48
0.765,327,48
0.8452,2582,2582
0.8452,2582,2582
0.8452,2582,2582
0.5859,5061,2024
0.5859,5061,2024
0.5859,5061,2024
0.6249,1599,-140
0.6249,1599,-140
0.6249,1599,-140
0.5994,5061,2024
0.5093,5813,1624
0.765,4,-9
0.6633,5813,1624
0.7269,5813,1624
0.5927,5061,2024
0.6249,5813,1624
0.5574,1166,426
0.7184,4,-9
0.7506,4,-9
0.5719,4,-9
0.5719,4,-9
0.5994,165,44
0.9022,816,5
0.7003,4,-9
0.5719,251,82
0.5859,4,-9
0.69,1708,368
0.7783,0,-1215
0.7096,1599,-140
0.5719,493,4
0.5574,497,115
0.7263,4,-9
0.7269,750,120
0.8176,4,-9
0.5267,266,-51
0.5423,2582,2582
0.6908,266,-51
0.8442,165,44
0.9246,4,-9
0.5719,2582,2582
0.5859,1166,426
0.7964,5813,1624
0.8553,5061,2024
0.8225,5813,1624
0.7959,1708,368
0.6705,1166,426
0.6369,5813,1624
0.9037,1599,-140
0.9001,5813,1624
0.5399,4,-9
0.8953,1708,368
0.8555,1708,368
0.6892,4,-9
0.7783,4,-9
0.6249,4,-9
0.872,2582,2582
0.6369,1708,368
0.6202,5813,1624
0.5563,327,48
0.6705,4,-9
0.7184,4,-9
0.743,1708,368
0.6249,4,-9
0.8519,5061,2024
0.6369,5061,2024
0.807,4,-9
0.7959,4,-9
0.5994,5061,2024
0.6124,4,-9
0.743,5813,1624
0.6249,4,-9
0.743,4,-9
0.743,4,-9
0.743,4,-9
0.743,4,-9
0.8016,4,-9
0.8016,4,-9
0.8016,4,-9
0.8016,4,-9
0.8481,289,120
0.8481,289,120
0.8481,289,120
0.8481,289,120
0.7184,5813,1624
0.7184,5813,1624
0.7184,5813,1624
0.7184,5813,1624
0.9133,5061,2024
0.9133,5061,2024
0.9133,5061,2024
0.9133,5061,2024
0.6476,212,84
0.6476,212,84
0.6476,212,84
0.6476,212,84
0.9201,266,-51
0.9201,266,-51
0.9201,266,-51
0.9201,266,-51
0.5106,4,-9
0.5106,4,-9
0.5106,4,-9
0.5106,4,-9
0.5255,4,-9
0.5255,4,-9
0.5255,4,-9
0.5255,4,-9
0.658,289,120
0.658,289,120
0.658,289,120
0.658,289,120
0.7574,4,-9
0.7574,4,-9
0.7574,4,-9
0.7574,4,-9
0.5859,1599,-140
0.5859,1599,-140
0.5859,1599,-140
0.5859,1599,-140
0.5707,5061,2024
0.5707,5061,2024
0.5707,5061,2024
0.5707,5061,2024
0.7003,5061,2024
0.7003,5061,2024
0.7003,5061,2024
0.7003,5061,2024
0.8126,0,-1215
0.8126,0,-1215
0.8126,0,-1215
0.8126,0,-1215
0.6249,4,-9
0.6249,4,-9
0.6249,4,-9
0.6249,4,-9
0.7269,4,-9
0.7269,4,-9
0.7269,4,-9
0.7269,4,-9
0.5719,411,51
0.5719,411,51
0.5719,411,51
0.5719,411,51
0.836,4,-9
0.836,4,-9
0.836,4,-9
0.836,4,-9
0.8402,497,115
0.8402,497,115
0.8402,497,115
0.8402,497,115
0.6663,444,136
0.6663,444,136
0.6663,444,136
0.6663,444,136
0.5719,5061,2024
0.5719,5061,2024
0.5719,5061,2024
0.5719,5061,2024
0.765,5061,2024
0.765,5061,2024
0.765,5061,2024
0.765,5061,2024
0.5994,1708,368
0.5994,1708,368
0.5994,1708,368
0.5994,1708,368
0.5719,4,-9
0.5719,4,-9
0.5719,4,-9
0.5719,4,-9
0.8402,4,-9
0.8402,4,-9
0.8402,4,-9
0.8402,4,-9
0.6588,4,-9
0.6588,4,-9
0.6588,4,-9
0.6588,4,-9
0.765,4,-9
0.765,4,-9
0.765,4,-9
0.765,4,-9
0.765,3129,3129
0.765,3129,3129
0.765,3129,3129
0.765,3129,3129
0.5707,4,-9
0.5707,4,-9
0.5707,4,-9
0.5707,4,-9
0.6688,679,-49
0.6688,679,-49
0.6688,679,-49
0.6688,679,-49
0.7096,14,-17
0.7096,14,-17
0.7096,14,-17
0.7096,14,-17
0.765,5061,2024
0.765,5061,2024
0.765,5061,2024
0.765,5061,2024
0.765,4,-9
0.765,4,-9
0.765,4,-9
0.765,4,-9
0.8225,4,-9
0.8225,4,-9
0.8225,4,-9
0.8225,4,-9
0.81,4,-9
0.81,4,-9
0.81,4,-9
0.81,4,-9
0.6239,4,-9
0.6239,4,-9
0.6239,4,-9
0.6239,4,-9
0.8625,231,32
0.8625,231,32
0.8625,231,32
0.8625,231,32
0.8268,4,-9
0.8268,4,-9
0.8268,4,-9
0.8268,4,-9
0.9035,1708,368
0.9035,1708,368
0.9035,1708,368
0.9035,1708,368
0.5423,15,15
0.5423,15,15
0.5423,15,15
0.5423,15,15
0.636,13,10
0.636,13,10
0.636,13,10
0.636,13,10
0.8126,1599,-140
0.8126,1599,-140
0.8126,1599,-140
0.8126,1599,-140
0.5994,456,149
0.5994,456,149
0.5994,456,149
0.5994,456,149
0.865,13,10
0.865,13,10
0.865,13,10
0.865,13,10
0.5837,13,10
0.5837,13,10
0.5837,13,10
0.5837,13,10
0.6369,210,210
0.6369,210,210
0.6369,210,210
0.6369,210,210
0.6633,5813,1624
0.6633,5813,1624
0.6633,5813,1624
0.6633,5813,1624
0.5719,4,-9
0.5719,4,-9
0.5719,4,-9
0.5719,4,-9
0.5719,5061,2024
0.5719,5061,2024
0.5719,5061,2024
0.5719,5061,2024
0.6476,212,84
0.6476,212,84
0.6476,212,84
0.6476,212,84
0.5719,4,-9
0.765,5061,2024
0.7096,4,-9
0.8164,13,10
0.5994,279,55
0.8714,4,-9
0.836,5061,2024
0.7003,672,189
0.636,672,189
0.5514,890,283
0.5386,5061,2024
0.5719,4,-9
0.6588,679,-49
0.8513,247,99
0.6249,289,120
0.7678,89,89
0.5719,4,-9
0.5267,444,136
0.9523,5061,2024
0.6249,1205,179
0.5994,4,-9
0.8143,1367,380
0.6369,497,115
0.873,4,-9
0.8519,5061,2024
0.8519,5061,2024
0.8519,4,-9
0.7639,69,46
0.5267,165,44
0.5859,31,7
0.8519,4,-9
0.5719,9,-9
0.7964,4,-9
0.6996,13,10
0.6249,174,16
0.8519,5061,2024
0.7579,5061,2024
0.8519,5061,2024
0.6331,5061,2024
0.7164,4,-9
0.6369,165,44
0.5719,1708,368
0.8997,5061,2024
0.807,165,44
0.6369,168,-2
0.8271,5061,2024
0.6588,248,-33
0.8297,750,120
0.9286,4,-9
0.7184,180,46
0.5859,5061,2024
0.6705,2582,2582
0.6433,1708,368
0.6884,4,-9
0.5994,5061,2024
0.7184,672,189
0.7425,5061,2024
0.743,5061,2024
0.765,13,10
0.6908,750,120
0.5719,327,48
0.7717,2582,2582
0.6249,5061,2024
0.8779,1166,426
0.743,248,-33
0.743,5813,1624
0.7783,5813,1624
0.6249,5061,2024
0.7906,3129,3129
0.5106,13,10
0.5256,709,-241
0.5267,1708,368
0.8481,1708,368
0.6808,183,183
0.7964,4,-9
0.6369,337,114
0.6114,5061,2024
0.8442,816,5
0.5859,2582,2582
0.624,13,10
0.6588,65,-6
0.6369,4,-9
0.5106,816,5
0.5106,816,5
0.5106,816,5
0.6369,1708,368
0.6369,1708,368
0.6369,1708,368
0.5244,266,-51
0.5244,266,-51
0.5244,266,-51
0.5826,2582,2582
0.5826,2582,2582
0.5826,2582,2582
0.6369,5061,2024
0.6369,5061,2024
0.6369,5061,2024
0.7579,13,10
0.7579,13,10
0.7579,13,10
0.9084,4,-9
0.9084,4,-9
0.9084,4,-9
0.6249,225,107
0.6249,225,107
0.6249,225,107
0.5256,66,66
0.5256,66,66
0.5256,66,66
0.5859,5061,2024
0.5859,5061,2024
0.5859,5061,2024
0.8519,4,-9
0.8519,4,-9
0.8519,4,-9
0.5709,1599,-140
0.5709,1599,-140
0.5709,1599,-140
0.7717,121,43
0.7717,121,43
0.7717,121,43
0.6705,4,-9
0.6705,4,-9
0.6705,4,-9
0.6696,51,18
0.6696,51,18
0.6696,51,18
0.8356,4,-9
0.8356,4,-9
0.8356,4,-9
0.5719,3129,3129
0.5719,3129,3129
0.5719,3129,3129
0.6369,5061,2024
0.6369,5061,2024
0.6369,5061,2024
0.6988,5061,2024
0.6988,5061,2024
0.6988,5061,2024
0.6124,738,121
0.6124,738,121
0.6124,738,121
0.8176,1166,426
0.8176,1166,426
0.8176,1166,426
0.7579,4,-9
0.7579,4,-9
0.7579,4,-9
0.5994,0,-1215
0.5994,0,-1215
0.5994,0,-1215
0.5719,4,-9
0.5719,4,-9
0.5719,4,-9
0.75,13,10
0.75,13,10
0.75,13,10
0.6249,5061,2024
0.6249,5061,2024
0.6249,5061,2024
0.6369,165,44
0.6369,165,44
0.6369,165,44
0.8689,4,-9
0.8689,4,-9
0.8689,4,-9
0.5994,5061,2024
0.5994,5061,2024
0.5994,5061,2024
0.5994,5061,2024
0.5719,1708,368
0.5719,1708,368
0.5719,1708,368
0.5719,1708,368
0.6369,4,-9
0.6369,4,-9
0.6369,4,-9
0.6369,4,-9
0.6249,1708,368
0.6249,1708,368
0.6249,1708,368
0.6249,1708,368
0.7491,4,-9
0.7491,4,-9
0.7491,4,-9
0.7491,4,-9
0.784,4,-9
0.784,4,-9
0.784,4,-9
0.784,4,-9
0.5994,4,-9
0.5994,4,-9
0.5994,4,-9
0.5994,4,-9
0.7543,497,115
0.7543,497,115
0.7543,497,115
0.7543,497,115
0.8555,4,-9
0.8555,4,-9
0.8555,4,-9
0.8555,4,-9
0.8519,5061,2024
0.8519,5061,2024
0.8519,5061,2024
0.8519,5061,2024
0.5106,3,-10
0.5106,3,-10
0.5106,3,-10
0.5106,3,-10
0.765,5061,2024
0.765,5061,2024
0.765,5061,2024
0.765,5061,2024
0.8519,1599,-140
0.8519,1599,-140
0.8519,1599,-140
0.8519,1599,-140
0.5719,5061,2024
0.5719,5061,2024
0.5719,5061,2024
0.5719,5061,2024
0.8519,5061,2024
0.8519,5061,2024
0.8519,5061,2024
0.8519,5061,2024
0.7263,2582,2582
0.7263,2582,2582
0.7263,2582,2582
0.7263,2582,2582
0.5859,4,-9
0.5859,4,-9
0.5859,4,-9
0.5859,4,-9
0.7351,247,99
0.7351,247,99
0.7351,247,99
0.7351,247,99
0.6467,4,-9
0.6467,4,-9
0.6467,4,-9
0.6467,4,-9
0.6369,5061,2024
0.6369,5061,2024
0.6369,5061,2024
0.6369,5061,2024
0.802,4,-9
0.802,4,-9
0.802,4,-9
0.802,4,-9
0.7351,4,-9
0.7351,4,-9
0.7351,4,-9
0.7351,4,-9
0.7351,309,42
0.7351,309,42
0.7351,309,42
0.7351,309,42
0.7615,5813,1624
0.7615,5813,1624
0.7615,5813,1624
0.7615,5813,1624
0.5994,4,-9
0.5994,4,-9
0.5994,4,-9
0.5994,4,-9
0.5483,4,-9
0.5483,4,-9
0.5483,4,-9
0.5483,4,-9
0.9477,4,-9
0.9477,4,-9
0.9477,4,-9
0.9477,4,-9
0.5859,4,-9
0.5859,4,-9
0.5859,4,-9
0.5859,4,-9
0.9151,1205,179
0.9151,1205,179
0.9151,1205,179
0.9151,1205,179
0.765,192,67
0.765,192,67
0.765,192,67
0.765,192,67
0.8271,5061,2024
0.8271,5061,2024
0.8271,5061,2024
0.8271,5061,2024
0.5719,5813,1624
0.5719,5813,1624
0.5719,5813,1624
0.5719,5813,1624
0.6369,13,10
0.5696,4,-9
0.5562,4,-9
0.5106,816,5
0.6369,13,10
0.5994,5061,2024
0.5859,5813,1624
0.743,5061,2024
0.743,5061,2024
0.743,5061,2024
0.8016,327,48
0.8016,327,48
0.8016,327,48
0.8465,205,92
0.8465,205,92
0.8465,205,92
0.6249,4,-9
0.6249,4,-9
0.6249,4,-9
0.5542,183,183
0.5542,183,183
0.5542,183,183
0.6705,295,-14
0.6705,295,-14
0.6705,295,-14
0.8798,1166,426
0.8798,1166,426
0.8798,1166,426
0.68,1599,-140
0.68,1599,-140
0.68,1599,-140
0.5023,5061,2024
0.5023,5061,2024
0.5023,5061,2024
0.6249,5061,2024
0.6249,5061,2024
0.6249,5061,2024
0.5106,5061,2024
0.5106,5061,2024
0.5106,5061,2024
0.5267,5813,1624
0.5267,5813,1624
0.5267,5813,1624
0.8442,13,10
0.8442,13,10
0.8442,13,10
0.8555,1708,368
0.8555,1708,368
0.8555,1708,368
0.6369,4,-9
0.6369,4,-9
0.6369,4,-9
0.6696,4,-9
0.6696,4,-9
0.6696,4,-9
0.7579,4,-9
0.7579,4,-9
0.7579,4,-9
0.7579,4,-9
0.6705,4,-9
0.6705,4,-9
0.6705,4,-9
0.6705,4,-9
0.9001,1708,368
0.9001,1708,368
0.9001,1708,368
0.9001,1708,368
0.7783,4,-9
0.7783,4,-9
0.7783,4,-9
0.7783,4,-9
0.6369,5813,1624
0.6369,5813,1624
0.6369,5813,1624
0.6369,5813,1624
0.7297,387,78
0.7297,387,78
0.7297,387,78
0.7297,387,78
0.5719,5061,2024
0.5719,5061,2024
0.5719,5061,2024
0.5719,5061,2024
0.6369,1942,427
0.6369,1942,427
0.6369,1942,427
0.6369,1942,427
0.5719,165,44
0.5719,165,44
0.8395,46,14
0.8395,46,14
0.765,497,115
0.765,497,115
0.5449,4,-9
0.5449,4,-9
0.7906,672,189
0.5267,1599,-140
0.5719,165,44
0.5859,5061,2024
0.6956,709,-241
0.8074,5813,1624
0.7964,5061,2024
0.5859,165,44
0.8074,5061,2024
0.7568,4,-9
0.5255,4,-9
0.8553,13,10
0.8267,18,10
0.7707,0,-403
0.6996,13,10
0.5859,5061,2024
0.8221,5061,2024
0.6884,4,-9
0.5267,5061,2024
0.6249,5061,2024
0.7964,5061,2024
0.8271,165,44
0.6124,5813,1624
0.5719,2582,2582
0.6369,5061,2024
0.5399,5061,2024
0.5719,4,-9
0.7345,13,10
0.658,5813,1624
0.6166,4,-9
0.7707,816,5
0.7959,1367,380
0.7481,5061,2024
0.6249,4,-9
0.6114,4,-9
0.5994,5061,2024
0.5023,1708,368
0.8555,4,-9
0.9089,13,10
0.6249,327,48
0.6476,41,41
0.6341,816,5
0.5106,4,-9
0.7412,4,-9
0.8316,13,10
0.5994,816,5
0.6369,13,10
0.5267,4,-9
0.6249,5061,2024
0.5994,4,-9
0.6166,387,78
0.5719,4,-9
0.6369,709,-241
0.8807,1708,368
0.6369,1708,368
0.8225,2582,2582
0.6808,4,-9
0.6808,4,-9
0.6476,0,-403
0.6476,0,-403
0.6476,0,-403
0.7845,5813,1624
0.7845,5813,1624
0.678,4,-9
0.678,4,-9
0.678,4,-9
0.802,5813,1624
0.802,5813,1624
0.802,5813,1624
0.6696,5061,2024
0.6696,5061,2024
0.6696,5061,2024
0.6408,1599,-140
0.6408,1599,-140
0.6408,1599,-140
0.7461,2582,2582
0.7461,2582,2582
0.7461,2582,2582
0.8481,750,120
0.8481,750,120
0.8481,750,120
0.7184,5061,2024
0.7184,5061,2024
0.7184,5061,2024
0.6114,13,10
0.6114,13,10
0.6114,13,10
0.8625,4,-9
0.8625,4,-9
0.8625,4,-9
0.6166,4,-9
0.6166,4,-9
0.6166,4,-9
0.5719,4,-9
0.5719,4,-9
0.5719,4,-9
0.6114,2582,2582
0.6114,2582,2582
0.6114,2582,2582
0.5267,5813,1624
0.5267,5813,1624
0.5267,5813,1624
0.5719,13,10
0.5719,13,10
0.5719,13,10
0.7184,5061,2024
0.7184,5061,2024
0.7184,5061,2024
0.7351,183,183
0.7351,183,183
0.7351,183,183
0.6369,25,8
0.6369,25,8
0.6369,25,8
0.6808,5061,2024
0.6808,5061,2024
0.6808,5061,2024
0.6249,4,-9
0.6249,4,-9
0.6249,4,-9
0.7845,5061,2024
0.7845,5061,2024
0.7845,5061,2024
0.7845,5061,2024
0.7845,5061,2024
0.7845,5061,2024
0.7873,1708,368
0.7873,1708,368
0.7873,1708,368
0.5994,2582,2582
0.5994,2582,2582
0.5994,2582,2582
0.5994,2582,2582
0.9042,679,-49
0.9042,679,-49
0.9042,679,-49
0.9042,679,-49
0.7482,13,10
0.7482,13,10
0.7482,13,10
0.7482,13,10
0.6249,1708,368
0.6249,1708,368
0.6249,1708,368
0.6249,1708,368
0.6705,212,84
0.6705,212,84
0.6705,212,84
0.6705,212,84
0.7346,4,-9
0.7346,4,-9
0.7346,4,-9
0.7346,4,-9
0.7297,279,55
0.7297,279,55
0.7297,279,55
0.7297,279,55
0.8442,5813,1624
0.8442,5813,1624
0.8442,5813,1624
0.8442,5813,1624
0.6219,4,-9
0.6219,4,-9
0.6219,4,-9
0.6219,4,-9
0.836,5813,1624
0.836,5813,1624
0.836,5813,1624
0.836,5813,1624
0.5994,987,987
0.5994,987,987
0.5994,987,987
0.5994,987,987
0.7177,1599,-140
0.7177,1599,-140
0.7177,1599,-140
0.7177,1599,-140
0.5994,4,-9
0.5994,4,-9
0.5994,4,-9
0.5994,4,-9
0.5719,165,44
0.5719,165,44
0.5719,165,44
0.5719,165,44
0.5913,4,-9
0.5913,4,-9
0.5913,4,-9
0.5913,4,-9
0.7297,165,44
0.7297,165,44
0.7297,165,44
0.7297,165,44
0.5499,4,-9
0.5499,4,-9
0.5499,4,-9
0.5499,4,-9
0.6249,13,10
0.6249,13,10
0.6249,13,10
0.6249,13,10
0.5267,4,-9
0.5267,4,-9
0.5267,4,-9
0.5267,4,-9
0.6369,1708,368
0.6369,1708,368
0.6369,1708,368
0.6369,1708,368
0.8786,4,-9
0.8786,4,-9
0.8786,4,-9
0.8786,4,-9
0.6696,327,48
0.6696,327,48
0.6696,327,48
0.6696,327,48
0.5859,5061,2024
0.5859,5061,2024
0.5859,5061,2024
0.5859,5061,2024
0.6369,4,-9
0.6369,4,-9
0.6369,4,-9
0.6369,4,-9
0.5719,1599,-140
0.5719,1599,-140
0.5719,1599,-140
0.5719,1599,-140
0.5622,4,-9
0.5622,4,-9
0.5622,4,-9
0.5622,4,-9
0.743,4,-9
0.743,4,-9
0.743,4,-9
0.743,4,-9
0.802,4,-9
0.802,4,-9
0.802,4,-9
0.802,4,-9
0.7351,5061,2024
0.7351,5061,2024
0.7351,5061,2024
0.7351,5061,2024
0.5994,337,114
0.5994,337,114
0.5994,337,114
0.5994,337,114
0.8519,5061,2024
0.8519,5061,2024
0.8519,5061,2024
0.8519,5061,2024
0.5106,4,-9
0.5106,4,-9
0.5106,4,-9
0.5106,4,-9
0.5983,411,51
0.5983,411,51
0.5983,411,51
0.5983,411,51
0.765,4,-9
0.765,4,-9
0.765,4,-9
0.765,4,-9
0.5994,0,-403
0.5994,0,-403
0.5994,0,-403
0.5994,0,-403
0.6808,4,-9
0.6808,4,-9
0.6808,4,-9
0.6808,4,-9
0.5106,5061,2024
0.5106,5061,2024
0.5106,5061,2024
0.5106,5061,2024
0.8367,4,-9
0.8367,4,-9
0.8367,4,-9
0.8367,4,-9
0.6369,5061,2024
0.6369,5061,2024
0.6369,5061,2024
0.6369,5061,2024
0.5093,251,47
0.5093,251,47
0.5093,251,47
0.5093,251,47
0.5719,1708,368
0.5719,1708,368
0.5719,1708,368
0.5719,1708,368
0.6908,672,189
0.6908,672,189
0.6908,672,189
0.6908,672,189
0.6808,709,-241
0.6808,709,-241
0.6808,709,-241
0.6808,709,-241
0.6124,13,0
0.6124,13,0
0.6124,13,0
0.6124,13,0
0.6369,1708,368
0.6369,1708,368
0.6369,1708,368
0.6369,1708,368
0.7345,5813,1624
0.7345,5813,1624
0.7345,5813,1624
0.7345,5813,1624
0.5719,215,-224
0.5719,215,-224
0.5719,215,-224
0.5719,215,-224
0.7345,5061,2024
0.7345,5061,2024
0.7345,5061,2024
0.7345,5061,2024
0.5106,1708,368
0.5106,1708,368
0.5106,1708,368
0.5106,1708,368
0.7351,12,2
0.7351,12,2
0.7351,12,2
0.7351,12,2
0.8176,12,2
0.8176,12,2
0.8176,12,2
0.8176,12,2
0.8547,13,10
0.8547,13,10
0.8547,13,10
0.8547,13,10
0.6597,13,10
0.6597,13,10
0.6597,13,10
0.6597,13,10
0.8258,327,48
0.8258,327,48
0.8258,327,48
0.8258,327,48
0.6369,13,10
0.6369,13,10
0.6369,13,10
0.6369,13,10
0.7345,4,-9
0.7345,4,-9
0.7345,4,-9
0.7345,4,-9
0.6369,1708,368
0.6369,1708,368
0.6369,1708,368
0.6369,1708,368
0.6597,327,48
0.6597,327,48
0.6597,327,48
0.6597,327,48
0.6369,5813,1624
0.6369,5813,1624
0.6369,5813,1624
0.6369,5813,1624
0.6908,387,78
0.6908,387,78
0.6908,387,78
0.6908,387,78
0.5574,4,-9
0.5574,4,-9
0.5574,4,-9
0.5574,4,-9
0.93,1708,368
0.93,1708,368
0.93,1708,368
0.93,1708,368
0.6369,327,48
0.6369,327,48
0.6369,327,48
0.6369,327,48
0.5106,75,-30
0.5106,75,-30
0.5106,75,-30
0.5106,75,-30
0.7579,5061,2024
0.7579,5061,2024
0.7579,5061,2024
0.7845,4,-9
0.7845,4,-9
0.7845,4,-9
0.8271,1058,280
0.8271,1058,280
0.8271,1058,280
0.7783,5813,1624
0.7783,5813,1624
0.7783,5813,1624
0.7067,5061,2024
0.7067,5061,2024
0.7067,5061,2024
0.5267,5061,2024
0.5267,5061,2024
0.5267,5061,2024
0.5267,5061,2024
0.5267,5061,2024
0.5267,5061,2024
0.5719,5061,2024
0.5719,5061,2024
0.5719,5061,2024
0.7579,5061,2024
0.7579,5061,2024
0.7579,5061,2024
0.5598,236,-9
0.5598,236,-9
0.5598,236,-9
0.5267,5061,2024
0.5267,5061,2024
0.5267,5061,2024
0.8421,4,-9
0.8421,4,-9
0.8421,4,-9
0.6369,5061,2024
0.6369,5061,2024
0.6369,5061,2024
0.8047,4,-9
0.8047,4,-9
0.8047,4,-9
0.6868,1708,368
0.6868,1708,368
0.6868,1708,368
0.7184,1599,-140
0.7184,1599,-140
0.7184,1599,-140
0.5859,1708,368
0.5859,1708,368
0.5859,1708,368
0.9153,5061,2024
0.9153,5061,2024
0.9153,5061,2024
0.5267,4,-9
0.5267,4,-9
0.5267,4,-9
0.5399,266,-51
0.5399,266,-51
0.5399,266,-51
0.5719,1708,368
0.5719,1708,368
0.5719,1708,368
0.765,4,-9
0.765,4,-9
0.765,4,-9
0.6802,4,-9
0.6802,4,-9
0.6802,4,-9
0.8519,5061,2024
0.8519,5061,2024
0.8519,5061,2024
0.8519,5061,2024
0.8519,5061,2024
0.8519,5061,2024
0.5574,1599,-140
0.5574,1599,-140
0.5574,1599,-140
0.836,5061,2024
0.836,5061,2024
0.836,5061,2024
0.6799,4,-9
0.6799,4,-9
0.6799,4,-9
0.6369,1708,368
0.6369,1708,368
0.6369,1708,368
0.8519,5061,2024
0.8519,5061,2024
0.8519,5061,2024
0.8225,5061,2024
0.8225,5061,2024
0.8225,5061,2024
0.6705,4,-9
0.6705,4,-9
0.6705,4,-9
0.5574,44,13
0.5574,44,13
0.5574,44,13
0.6908,4,-9
0.6908,4,-9
0.6908,4,-9
0.8955,4,-9
0.8955,4,-9
0.8955,4,-9
0.6892,1708,368
0.6892,1708,368
0.6892,1708,368
0.6249,4,-9
0.6249,4,-9
0.6249,4,-9
0.7964,44,-48
0.7964,44,-48
0.7964,44,-48
0.6808,337,114
0.6808,337,114
0.6808,337,114
0.6808,337,114
0.5859,5061,2024
0.5859,5061,2024
0.5859,5061,2024
0.5859,5061,2024
0.6723,5813,1624
0.6723,5813,1624
0.6723,5813,1624
0.6723,5813,1624
0.7263,5813,1624
0.7263,5813,1624
0.7263,5813,1624
0.7263,5813,1624
0.6599,5061,2024
0.6599,5061,2024
0.6599,5061,2024
0.6599,5061,2024
0.6369,5061,2024
0.6369,5061,2024
0.6369,5061,2024
0.6369,5061,2024
0.8091,167,37
0.8091,167,37
0.8091,167,37
0.8091,167,37
0.6249,372,372
0.6249,372,372
0.6249,372,372
0.6249,372,372
0.9081,231,32
0.9081,231,32
0.9081,231,32
0.9081,231,32
0.7264,5061,2024
0.7264,5061,2024
0.7264,5061,2024
0.7264,5061,2024
0.5106,5061,2024
0.5106,5061,2024
0.5106,5061,2024
0.5106,5061,2024
0.7783,13,10
0.7783,13,10
0.7783,13,10
0.7783,13,10
0.6573,3129,3129
0.6573,3129,3129
0.6573,3129,3129
0.6573,3129,3129
0.93,709,-241
0.93,709,-241
0.93,709,-241
0.93,709,-241
0.6705,709,-241
0.6705,709,-241
0.6705,709,-241
0.6705,709,-241
0.8173,1367,380
0.8173,1367,380
0.8173,1367,380
0.8173,1367,380
0.6369,5813,1624
0.6369,5813,1624
0.6369,5813,1624
0.6369,5813,1624
0.875,4,-9
0.875,4,-9
0.875,4,-9
0.875,4,-9
0.6705,497,115
0.6705,497,115
0.6705,497,115
0.6705,497,115
0.5719,4,-9
0.5719,4,-9
0.5719,4,-9
0.5719,4,-9
0.7475,355,-3
0.7475,355,-3
0.7475,355,-3
0.7475,355,-3
0.636,816,5
0.636,816,5
0.636,816,5
0.636,816,5
0.7579,0,-1215
0.7579,0,-1215
0.7579,0,-1215
0.7579,0,-1215
0.9628,13,10
0.9628,13,10
0.9628,13,10
0.9628,13,10
0.8718,66,66
0.8718,66,66
0.8718,66,66
0.8718,66,66
0.7003,13,10
0.7003,13,10
0.7003,13,10
0.7003,13,10
0.5267,5813,1624
0.5267,5813,1624
0.5267,5813,1624
0.5267,5813,1624
0.5563,0,-403
0.5563,0,-403
0.5563,0,-403
0.5563,0,-403
0.6369,5061,2024
0.6369,5061,2024
0.6369,5061,2024
0.6369,5061,2024
0.6369,13,10
0.6369,13,10
0.6369,13,10
0.6369,13,10
0.6114,3129,3129
0.6114,3129,3129
0.6114,3129,3129
0.6114,3129,3129
0.6249,5061,2024
0.6249,5061,2024
0.6249,5061,2024
0.6249,5061,2024
0.6114,5061,2024
0.6114,5061,2024
0.6114,5061,2024
0.6114,5061,2024
0.7845,5061,2024
0.7845,5061,2024
0.7845,5061,2024
0.7845,5061,2024
0.8519,4,-9
0.8519,4,-9
0.8519,4,-9
0.8519,4,-9
0.8519,5061,2024
0.8519,5061,2024
0.8519,5061,2024
0.8519,5061,2024
0.765,5061,2024
0.765,5061,2024
0.765,5061,2024
0.765,5061,2024
0.8519,4,-9
0.8519,4,-9
0.8519,4,-9
0.8519,4,-9
0.8519,1599,-140
0.8519,1599,-140
0.8519,1599,-140
0.8519,1599,-140
0.8519,4,-9
0.8519,4,-9
0.8519,4,-9
0.8519,4,-9
0.765,5061,2024
0.765,5061,2024
0.765,5061,2024
0.765,5061,2024
0.5859,3129,3129
0.5859,3129,3129
0.5859,3129,3129
0.5859,3129,3129
0.6249,5061,2024
0.6249,5061,2024
0.6249,5061,2024
0.6249,5061,2024
0.7869,1708,368
0.7869,1708,368
0.7869,1708,368
0.7869,1708,368
0.6696,1599,-140
0.6696,1599,-140
0.6696,1599,-140
0.7717,5061,2024
0.7717,5061,2024
0.7717,5061,2024
0.7371,27,12
0.7371,27,12
0.7371,27,12
0.6369,4,-9
0.6369,4,-9
0.6369,4,-9
0.5423,5061,2024
0.5423,5061,2024
0.5423,5061,2024
0.8832,750,120
0.8832,750,120
0.8832,750,120
0.6369,2582,2582
0.6369,2582,2582
0.6369,2582,2582
0.6369,3129,3129
0.6369,3129,3129
0.6369,3129,3129
0.5106,1708,368
0.5106,1708,368
0.5106,1708,368
0.8122,3,0
0.8122,3,0
0.8122,3,0
0.5983,5813,1624
0.5983,5813,1624
0.5983,5813,1624
0.6114,1708,368
0.6114,1708,368
0.6114,1708,368
0.6166,5061,2024
0.6166,5061,2024
0.6166,5061,2024
0.9515,1166,426
0.9515,1166,426
0.9515,1166,426
0.5106,279,55
0.5106,279,55
0.5106,279,55
0.5719,738,121
0.5719,738,121
0.5719,738,121
0.6369,327,48
0.6369,327,48
0.6369,327,48
0.743,5813,1624
0.743,5813,1624
0.743,5813,1624
0.8356,4,-9
0.8356,4,-9
0.8356,4,-9
0.5859,5813,1624
0.5859,5813,1624
0.5859,5813,1624
0.6588,1166,426
0.6588,1166,426
0.6588,1166,426
0.5859,4,-9
0.5859,4,-9
0.5859,4,-9
0.5106,95,38
0.5106,95,38
0.5106,95,38
0.7263,5813,1624
0.7263,5813,1624
0.7263,5813,1624
0.6114,4,-9
0.6114,4,-9
0.6114,4,-9
0.9287,4,-9
0.9287,4,-9
0.9287,4,-9
0.9287,4,-9
0.7906,4,-9
0.7906,4,-9
0.7906,4,-9
0.7906,4,-9
0.6249,337,114
0.6249,337,114
0.6249,337,114
0.6249,337,114
0.6369,4,-9
0.6369,4,-9
0.6369,4,-9
0.6369,4,-9
0.7783,4,-9
0.7783,4,-9
0.7783,4,-9
0.7783,4,-9
0.7698,309,42
0.7698,309,42
0.7698,309,42
0.7698,309,42
0.8402,418,-33
0.8402,418,-33
0.8402,418,-33
0.8402,418,-33
0.7906,4,-9
0.7906,4,-9
0.7906,4,-9
0.7906,4,-9
0.5267,5061,2024
0.5267,5061,2024
0.5267,5061,2024
0.5267,5061,2024
0.6989,75,-30
0.6989,75,-30
0.6989,75,-30
0.6989,75,-30
0.8519,5813,1624
0.8519,5813,1624
0.8519,5813,1624
0.8519,5813,1624
0.8479,4,-9
0.8479,4,-9
0.8479,4,-9
0.8479,4,-9
0.6908,309,42
0.6908,309,42
0.6908,309,42
0.6908,309,42
0.7351,4,-9
0.7351,4,-9
0.7351,4,-9
0.7351,4,-9
0.5267,816,5
0.5267,816,5
0.5267,816,5
0.5267,816,5
0.5081,709,-241
0.5081,709,-241
0.5081,709,-241
0.5081,709,-241
0.5826,5061,2024
0.5826,5061,2024
0.5826,5061,2024
0.5826,5061,2024
0.5994,497,115
0.5994,497,115
0.5994,497,115
0.5994,497,115
0.765,4,-9
0.765,4,-9
0.765,4,-9
0.765,4,-9
0.8636,4,-9
0.8636,4,-9
0.8636,4,-9
0.8636,4,-9
0.6696,387,78
0.6696,387,78
0.6696,387,78
0.6696,387,78
0.8519,5061,2024
0.8519,5061,2024
0.8519,5061,2024
0.8519,5061,2024
0.5106,709,-241
0.5106,709,-241
0.5106,709,-241
0.5106,709,-241
0.8779,709,-241
0.8779,709,-241
0.8779,709,-241
0.8779,709,-241
0.7433,709,-241
0.7433,709,-241
0.7433,709,-241
0.7433,709,-241
0.7798,709,-241
0.7798,709,-241
0.7798,709,-241
0.7798,709,-241
0.9118,709,-241
0.9118,709,-241
0.9118,709,-241
0.9118,709,-241
0.765,709,-241
0.765,709,-241
0.765,709,-241
0.765,709,-241
0.836,709,-241
0.836,709,-241
0.836,709,-241
0.836,709,-241
0.6369,5061,2024
0.6369,5061,2024
0.6369,5061,2024
0.6369,5061,2024
0.6249,4,-9
0.6249,4,-9
0.6249,4,-9
0.6249,4,-9
0.8715,2582,2582
0.8715,2582,2582
0.8715,2582,2582
0.8715,2582,2582
0.5562,1708,368
0.5562,1708,368
0.5562,1708,368
0.5562,1708,368
0.5719,816,5
0.5719,816,5
0.5719,816,5
0.5719,816,5
0.5994,387,78
0.5994,387,78
0.5994,387,78
0.5994,387,78
0.7964,51,18
0.7964,51,18
0.7964,51,18
0.7964,51,18
0.6988,309,42
0.6988,309,42
0.6988,309,42
0.6988,309,42
0.6249,266,-51
0.6249,266,-51
0.6249,266,-51
0.6249,266,-51
0.8525,13,10
0.8525,13,10
0.8525,13,10
0.8525,13,10
0.8519,5061,2024
0.8519,5061,2024
0.8519,5061,2024
0.8519,5061,2024
0.8271,4,-9
0.8271,4,-9
0.8271,4,-9
0.8271,4,-9
0.8807,165,44
0.8807,165,44
0.8807,165,44
0.8807,165,44
0.5719,165,44
0.5719,165,44
0.5719,165,44
0.5719,165,44
0.906,2582,2582
0.906,2582,2582
0.906,2582,2582
0.906,2582,2582
0.5719,1599,-140
0.5719,1599,-140
0.5719,1599,-140
0.5719,1599,-140
0.8481,456,149
0.8481,456,149
0.8481,456,149
0.8481,456,149
0.6908,289,120
0.6908,289,120
0.6908,289,120
0.6908,289,120
0.6249,13,10
0.6249,13,10
0.6249,13,10
0.6249,13,10
0.5994,4,-9
0.5994,4,-9
0.5994,4,-9
0.948,4,-9
0.948,4,-9
0.948,4,-9
0.8519,5061,2024
0.8519,5061,2024
0.8519,5061,2024
0.765,5061,2024
0.765,5061,2024
0.765,5061,2024
0.5673,709,-241
0.5673,709,-241
0.5673,709,-241
0.6588,266,-51
0.6588,266,-51
0.6588,266,-51
0.5719,5813,1624
0.5719,5813,1624
0.5719,5813,1624
0.6892,51,18
0.6892,51,18
0.6892,51,18
0.7717,251,47
0.7717,251,47
0.7717,251,47
0.5994,47,-42
0.5994,47,-42
0.5994,47,-42
0.6369,5061,2024
0.6369,5061,2024
0.6369,5061,2024
0.5106,4,-9
0.5106,4,-9
0.5106,4,-9
0.6369,1708,368
0.6369,1708,368
0.6369,1708,368
0.5994,5061,2024
0.5994,5061,2024
0.5994,5061,2024
0.7525,95,38
0.7525,95,38
0.7525,95,38
0.7906,165,44
0.7906,165,44
0.7906,165,44
0.7804,4,-9
0.7804,4,-9
0.7804,4,-9
0.8429,5061,2024
0.8429,5061,2024
0.8429,5061,2024
0.8957,4,-9
0.8957,4,-9
0.8957,4,-9
0.5574,66,66
0.5574,66,66
0.5574,66,66
0.8777,5061,2024
0.8777,5061,2024
0.8777,5061,2024
0.5848,5813,1624
0.5848,5813,1624
0.5848,5813,1624
0.7345,5813,1624
0.7345,5813,1624
0.7345,5813,1624
0.8166,165,44
0.8166,165,44
0.8166,165,44
0.5719,1708,368
0.5719,1708,368
0.5719,1708,368
0.7003,31,7
0.7003,31,7
0.7003,31,7
0.6369,1708,368
0.6369,1708,368
0.6369,1708,368
0.7345,5061,2024
0.7345,5061,2024
0.7345,5061,2024
0.5267,66,66
0.5267,66,66
0.5267,66,66
0.5399,750,120
0.5399,750,120
0.5399,750,120
0.7579,13,10
0.7579,13,10
0.7579,13,10
0.5574,210,210
0.5574,210,210
0.5574,210,210
0.5859,5061,2024
0.5859,5061,2024
0.5859,5061,2024
0.6369,5061,2024
0.6369,5061,2024
0.6369,5061,2024
0.6808,1708,368
0.6808,1708,368
0.6808,1708,368
0.7906,5061,2024
0.7906,5061,2024
0.7906,5061,2024
0.5106,183,183
0.5106,183,183
0.5106,183,183
0.7351,47,-42
0.7351,47,-42
0.7351,47,-42
0.7345,4,-9
0.7345,4,-9
0.7345,4,-9
0.8675,165,44
0.8675,165,44
0.8675,165,44
0.8675,165,44
0.6124,17,14
0.6124,17,14
0.6124,17,14
0.6124,17,14
0.5598,30,12
0.5598,30,12
0.5598,30,12
0.5598,30,12
0.8519,5061,2024
0.8519,5061,2024
0.8519,5061,2024
0.8519,5061,2024
0.7184,672,189
0.7184,672,189
0.7184,672,189
0.7184,672,189
0.5255,5061,2024
0.5255,5061,2024
0.5255,5061,2024
0.5255,5061,2024
0.7964,13,10
0.7964,13,10
0.7964,13,10
0.7964,13,10
0.9068,327,48
0.9068,327,48
0.9068,327,48
0.9068,327,48
0.7297,4,-9
0.7297,4,-9
0.7297,4,-9
0.7297,4,-9
0.5719,135,135
0.5719,135,135
0.5719,135,135
0.5719,135,135
0.6369,1166,426
0.6369,1166,426
0.6369,1166,426
0.6369,1166,426
0.7339,4,-9
0.7339,4,-9
0.7339,4,-9
0.7339,4,-9
0.7412,1166,426
0.7412,1166,426
0.7412,1166,426
0.7412,1166,426
0.8122,4,-9
0.8122,4,-9
0.8122,4,-9
0.8122,4,-9
0.6249,5061,2024
0.6249,5061,2024
0.6249,5061,2024
0.6249,5061,2024
0.5719,5061,2024
0.5719,5061,2024
0.5719,5061,2024
0.5719,5061,2024
0.5093,5061,2024
0.5093,5061,2024
0.5093,5061,2024
0.5093,5061,2024
0.5106,210,210
0.5106,210,210
0.5106,210,210
0.5106,210,210
0.765,289,120
0.765,289,120
0.765,289,120
0.765,289,120
0.6369,1708,368
0.6369,1708,368
0.6369,1708,368
0.6369,1708,368
0.69,4,-9
0.69,4,-9
0.69,4,-9
0.69,4,-9
0.836,4,-9
0.836,4,-9
0.836,4,-9
0.836,4,-9
0.5994,165,44
0.5994,165,44
0.5994,165,44
0.5994,165,44
0.7506,1708,368
0.7506,1708,368
0.7506,1708,368
0.7506,1708,368
0.8316,5813,1624
0.8316,5813,1624
0.8316,5813,1624
0.8316,5813,1624
0.5719,4,-9
0.5719,4,-9
0.5719,4,-9
0.5719,4,-9
0.9261,4,-9
0.9261,4,-9
0.9261,4,-9
0.9261,4,-9
0.7339,1599,-140
0.7339,1599,-140
0.7339,1599,-140
0.7339,1599,-140
0.6369,1599,-140
0.6369,1599,-140
0.6369,1599,-140
0.6369,1599,-140
0.9231,5061,2024
0.9231,5061,2024
0.9231,5061,2024
0.9231,5061,2024
0.8528,13,10
0.8528,13,10
0.8528,13,10
0.8528,13,10
0.6369,212,84
0.6369,212,84
0.6369,212,84
0.6369,212,84
0.5242,3129,3129
0.5242,3129,3129
0.5242,3129,3129
0.5242,3129,3129
0.7035,4,-9
0.7035,4,-9
0.7035,4,-9
0.7035,4,-9
0.5719,5813,1624
0.5719,5813,1624
0.5719,5813,1624
0.5719,5813,1624
0.7574,4,-9
0.7574,4,-9
0.7574,4,-9
0.7574,4,-9
0.8436,5061,2024
0.8436,5061,2024
0.8436,5061,2024
0.8436,5061,2024
0.802,1599,-140
0.802,1599,-140
0.802,1599,-140
0.802,1599,-140
0.5719,1599,-140
0.5719,1599,-140
0.5719,1599,-140
0.5719,1599,-140
0.743,2582,2582
0.743,2582,2582
0.743,2582,2582
0.743,2582,2582
0.6705,1708,368
0.6705,1708,368
0.6705,1708,368
0.6705,1708,368
0.5106,4,-9
0.5106,4,-9
0.5106,4,-9
0.5106,4,-9
0.5106,266,-51
0.5106,266,-51
0.5106,266,-51
0.8271,5061,2024
0.8271,5061,2024
0.8271,5061,2024
0.8271,4,-9
0.8271,4,-9
0.8271,4,-9
0.7964,5061,2024
0.7964,5061,2024
0.7964,5061,2024
0.6369,1708,368
0.6369,1708,368
0.6369,1708,368
0.8807,387,78
0.8807,387,78
0.8807,387,78
0.6705,816,5
0.6705,816,5
0.6705,816,5
0.8779,5061,2024
0.8779,5061,2024
0.8779,5061,2024
0.6825,210,210
0.6825,210,210
0.6825,210,210
0.5106,4,-9
0.5106,4,-9
0.5106,4,-9
0.8402,4,-9
0.8402,4,-9
0.8402,4,-9
0.5267,890,283
0.5267,890,283
0.5267,890,283
0.7506,5061,2024
0.7506,5061,2024
0.7506,5061,2024
0.5574,5061,2024
0.5574,5061,2024
0.5574,5061,2024
0.5562,13,10
0.5562,13,10
0.5562,13,10
0.8267,174,16
0.8267,174,16
0.8267,174,16
0.836,13,10
0.836,13,10
0.836,13,10
0.6369,4,-9
0.6369,4,-9
0.6369,4,-9
0.8519,4,-9
0.8519,4,-9
0.8519,4,-9
0.6369,5813,1624
0.6369,5813,1624
0.6369,5813,1624
0.5255,5061,2024
0.5255,5061,2024
0.5255,5061,2024
0.765,5061,2024
0.765,5061,2024
0.765,5061,2024
0.636,4,-9
0.636,4,-9
0.636,4,-9
0.5719,1708,368
0.5719,1708,368
0.5719,1708,368
0.6486,4,-9
0.6486,4,-9
0.6486,4,-9
0.5574,2582,2582
0.5574,2582,2582
0.5574,2582,2582
0.7142,0,-403
0.7142,0,-403
0.7142,0,-403
0.6369,4,-9
0.6369,4,-9
0.6369,4,-9
0.5106,225,107
0.5106,225,107
0.5106,225,107
0.6249,4,-9
0.6249,4,-9
0.6249,4,-9
0.8519,225,107
0.8519,225,107
0.8519,225,107
0.8519,4,-9
0.8519,4,-9
0.8519,4,-9
0.5719,1166,426
0.5719,1166,426
0.5719,1166,426
0.8834,1708,368
0.8834,1708,368
0.8834,1708,368
0.9118,4,-9
0.9118,4,-9
0.9118,4,-9
0.5994,1708,368
0.5994,1708,368
0.5994,1708,368
0.7579,165,44
0.7579,165,44
0.7579,165,44
0.8176,180,46
0.8176,180,46
0.8176,180,46
0.5093,0,-403
0.5093,0,-403
0.5093,0,-403
0.5859,5061,2024
0.5859,5061,2024
0.5859,5061,2024
0.5859,5061,2024
0.5859,5061,2024
0.5859,5061,2024
0.5962,4,-9
0.5962,4,-9
0.5962,4,-9
0.8122,5813,1624
0.8122,5813,1624
0.8122,5813,1624
0.7906,4,-9
0.7906,4,-9
0.7906,4,-9
0.8074,1205,179
0.8074,1205,179
0.8074,1205,179
0.5719,1708,368
0.5719,1708,368
0.5719,1708,368
0.5423,738,121
0.5423,738,121
0.5423,738,121
0.5719,13,10
0.5719,13,10
0.5719,13,10
0.8225,1708,368
0.8225,1708,368
0.8225,1708,368
0.5859,5061,2024
0.5859,5061,2024
0.5859,5061,2024
0.6369,5061,2024
0.6369,5061,2024
0.6369,5061,2024
0.599,1166,426
0.599,1166,426
0.599,1166,426
0.5859,5061,2024
0.5859,5061,2024
0.5859,5061,2024
0.5994,4,-9
0.5994,4,-9
0.5994,4,-9
0.765,279,55
0.765,279,55
0.765,279,55
0.765,497,115
0.765,497,115
0.765,497,115
0.8122,247,99
0.8122,247,99
0.8122,247,99
0.5719,5813,1624
0.5719,5813,1624
0.5719,5813,1624
0.5994,5061,2024
0.5994,5061,2024
0.5994,5061,2024
0.6826,4,-9
0.6826,4,-9
0.6826,4,-9
0.5562,5061,2024
0.5562,5061,2024
0.5562,5061,2024
0.7269,1166,426
0.7269,1166,426
0.7269,1166,426
0.8176,750,120
0.8176,750,120
0.8176,750,120
0.5839,4,-9
0.5839,4,-9
0.5839,4,-9
0.7845,5061,2024
0.7845,5061,2024
0.7845,5061,2024
0.8519,5061,2024
0.8519,5061,2024
0.8519,5061,2024
0.6369,411,51
0.6369,411,51
0.6369,411,51
0.7184,13,10
0.7184,13,10
0.7184,13,10
0.5106,1166,426
0.5106,1166,426
0.5106,1166,426
0.826,355,-3
0.826,355,-3
0.826,355,-3
0.5696,709,-241
0.5696,709,-241
0.5696,709,-241
0.7906,210,210
0.7906,210,210
0.7906,210,210
0.6369,5813,1624
0.6369,5813,1624
0.6369,5813,1624
0.8555,5813,1624
0.8555,5813,1624
0.8555,5813,1624
0.5423,5061,2024
0.5423,5061,2024
0.5423,5061,2024
0.597,4,-9
0.597,4,-9
0.597,4,-9
0.5719,4,-9
0.5719,4,-9
0.5719,4,-9
0.5994,5813,1624
0.5994,5813,1624
0.5994,5813,1624
0.8356,4,-9
0.8356,4,-9
0.8356,4,-9
0.875,5061,2024
0.875,5061,2024
0.875,5061,2024
0.8271,174,16
0.8271,174,16
0.8271,174,16
0.5859,5061,2024
0.5859,5061,2024
0.5859,5061,2024
0.743,5061,2024
0.743,5061,2024
0.743,5061,2024
0.6597,2582,2582
0.6597,2582,2582
0.6597,2582,2582
0.743,5061,2024
0.743,5061,2024
0.743,5061,2024
0.6124,11,-8
0.6124,11,-8
0.6124,11,-8
0.886,5813,1624
0.886,5813,1624
0.886,5813,1624
0.6249,4,-9
0.6249,4,-9
0.6249,4,-9
0.5719,13,10
0.5719,13,10
0.5719,13,10
0.9758,1166,426
0.9758,1166,426
0.9758,1166,426
0.6249,4,-9
0.6249,4,-9
0.6249,4,-9
0.7096,1708,368
0.7096,1708,368
0.7096,1708,368
0.7003,2582,2582
0.7003,2582,2582
0.7003,2582,2582
0.5106,4,-9
0.5106,4,-9
0.5106,4,-9
0.5106,1166,426
0.5106,1166,426
0.5106,1166,426
0.5859,1166,426
0.5859,1166,426
0.5859,1166,426
0.7845,1166,426
0.7845,1166,426
0.7845,1166,426
0.7845,1166,426
0.7184,247,99
0.7184,247,99
0.7184,247,99
0.7184,247,99
0.8329,4,-9
0.8329,4,-9
0.8329,4,-9
0.8329,4,-9
0.8316,4,-9
0.8316,4,-9
0.8316,4,-9
0.8316,4,-9
0.6476,4,-9
0.6476,4,-9
0.6476,4,-9
0.6476,4,-9
0.8779,231,32
0.8779,231,32
0.8779,231,32
0.8779,231,32
0.7351,0,-1215
0.7351,0,-1215
0.7351,0,-1215
0.7351,0,-1215
0.5514,4,-9
0.5514,4,-9
0.5514,4,-9
0.5514,4,-9
0.7269,738,121
0.7269,738,121
0.7269,738,121
0.7269,738,121
0.5859,73,4
0.5859,73,4
0.5859,73,4
0.5859,73,4
0.8807,1708,368
0.8807,1708,368
0.8807,1708,368
0.8807,1708,368
0.5719,4,-9
0.5719,4,-9
0.5719,4,-9
0.5719,4,-9
0.5574,4,-9
0.5574,4,-9
0.5574,4,-9
0.5574,4,-9
0.5562,1708,368
0.5562,1708,368
0.5562,1708,368
0.5562,1708,368
0.6597,750,120
0.6597,750,120
0.6597,750,120
0.6597,750,120
0.6728,4,-9
0.7184,4,-9
0.5719,165,44
0.5106,1599,-140
0.5859,5061,2024
0.7096,5813,1624
0.6166,355,-3
0.6369,2582,2582
0.7269,1367,380
0.7777,4,-9
0.6249,4,-9
0.6369,5061,2024
0.8655,4,-9
0.6369,1708,368
0.8553,1534,134
0.6369,4,-9
0.5994,289,120
0.7351,210,210
0.8934,13,10
0.8775,251,47
0.6369,4,-9
0.7249,1708,368
0.5574,5061,2024
0.5994,987,987
0.6808,4,-9
0.9191,4,-9
0.7906,1599,-140
0.6399,4,-9
0.6239,5061,2024
0.7712,1708,368
0.7964,5061,2024
0.7269,180,46
0.6476,212,84
0.5719,4,-9
0.891,13,10
0.5859,5061,2024
0.5267,4,-9
0.6467,4,-9
0.7506,4,-9
0.7579,1708,368
0.8481,5061,2024
0.5719,3129,3129
0.5423,4,-9
0.9153,3129,3129
0.5423,4,-9
0.6597,165,44
0.836,5061,2024
0.796,210,210
0.5106,750,120
0.7163,295,-14
0.836,5061,2024
0.8126,497,115
0.5994,1205,179
0.5994,1205,179
0.5994,1205,179
0.5994,1205,179
0.8885,1599,-140
0.8885,1599,-140
0.8885,1599,-140
0.8885,1599,-140
0.5563,4,-9
0.5563,4,-9
0.5563,4,-9
0.5563,4,-9
0.6155,750,120
0.6155,750,120
0.6155,750,120
0.6155,750,120
0.6476,0,-403
0.6476,0,-403
0.6476,0,-403
0.6476,0,-403
0.5859,4,-9
0.5859,4,-9
0.5859,4,-9
0.5859,4,-9
0.6588,1599,-140
0.6588,1599,-140
0.6588,1599,-140
0.6588,1599,-140
0.5267,5813,1624
0.5267,5813,1624
0.5267,5813,1624
0.5267,5813,1624
0.7233,4,-9
0.7233,4,-9
0.7233,4,-9
0.7233,4,-9
0.8746,1708,368
0.8746,1708,368
0.8746,1708,368
0.8746,1708,368
0.7269,4,-9
0.7269,4,-9
0.7269,4,-9
0.7269,4,-9
0.5859,1708,368
0.5859,1708,368
0.5859,1708,368
0.5859,5061,2024
0.5859,5061,2024
0.5859,5061,2024
0.8271,1708,368
0.8271,1708,368
0.8271,1708,368
0.5994,444,136
0.5994,444,136
0.5994,444,136
0.5972,4,-9
0.5972,4,-9
0.5972,4,-9
0.6124,4,-9
0.6124,4,-9
0.6124,4,-9
0.8225,1708,368
0.8225,1708,368
0.8225,1708,368
0.6115,5061,2024
0.6115,5061,2024
0.6115,5061,2024
0.7906,5061,2024
0.7906,5061,2024
0.7906,5061,2024
0.6597,1708,368
0.6597,1708,368
0.6597,1708,368
0.6597,5813,1624
0.6597,5813,1624
0.6597,5813,1624
0.5859,4,-9
0.5859,4,-9
0.5859,4,-9
0.6114,5061,2024
0.6114,5061,2024
0.6114,5061,2024
0.8622,4,-9
0.8622,4,-9
0.8622,4,-9
0.5562,5061,2024
0.5562,5061,2024
0.5562,5061,2024
0.5574,5813,1624
0.5574,5813,1624
0.5574,5813,1624
0.6199,4,-9
0.6199,4,-9
0.6199,4,-9
0.6605,4,-9
0.6605,4,-9
0.6605,4,-9
0.8192,4,-9
0.8192,4,-9
0.8192,4,-9
0.6114,225,107
0.6114,225,107
0.6114,225,107
0.6697,215,-224
0.6697,215,-224
0.6697,215,-224
0.5574,5061,2024
0.5574,5061,2024
0.5574,5061,2024
0.5574,5061,2024
0.6597,50,0
0.6597,50,0
0.6597,50,0
0.6597,50,0
0.7297,5061,2024
0.7297,5061,2024
0.7297,5061,2024
0.7297,5061,2024
0.7579,4,-9
0.7579,4,-9
0.7579,4,-9
0.7579,4,-9
0.7256,1166,426
0.7256,1166,426
0.7256,1166,426
0.7256,1166,426
0.6369,0,-1215
0.6369,0,-1215
0.6369,0,-1215
0.6369,0,-1215
0.6517,4,-9
0.6517,4,-9
0.6517,4,-9
0.6517,4,-9
0.7783,5061,2024
0.7783,5061,2024
0.7783,5061,2024
0.7783,5061,2024
0.5859,5061,2024
0.5859,5061,2024
0.5859,5061,2024
0.5859,5061,2024
0.6239,4,-9
0.6239,4,-9
0.6239,4,-9
0.6239,4,-9
0.7906,750,120
0.7906,750,120
0.7906,750,120
0.7906,750,120
0.784,497,115
0.784,497,115
0.784,497,115
0.784,497,115
0.7325,337,114
0.7325,337,114
0.7325,337,114
0.7325,337,114
0.8225,4,-9
0.8225,4,-9
0.8225,4,-9
0.8225,4,-9
0.8316,4,-9
0.8316,4,-9
0.8316,4,-9
0.8316,4,-9
0.6369,4,-9
0.6369,4,-9
0.6369,4,-9
0.6369,4,-9
0.6114,4,-9
0.6114,4,-9
0.6114,4,-9
0.6114,4,-9
0.9022,709,-241
0.9022,709,-241
0.9022,709,-241
0.9022,709,-241
0.6696,387,78
0.6696,387,78
0.6696,387,78
0.6696,387,78
0.5859,31,12
0.5859,31,12
0.5859,31,12
0.5859,31,12
0.7783,1708,368
0.7783,1708,368
0.7783,1708,368
0.7783,1708,368
0.8012,4,-9
0.8012,4,-9
0.8012,4,-9
0.8012,4,-9
0.5267,0,-1215
0.5267,0,-1215
0.5267,0,-1215
0.5267,0,-1215
0.8519,5061,2024
0.8519,5061,2024
0.8519,5061,2024
0.8519,5061,2024
0.9501,251,47
0.9501,251,47
0.9501,251,47
0.9501,251,47
0.6369,4,-9
0.6369,4,-9
0.6369,4,-9
0.6369,4,-9
0.7939,750,120
0.7939,750,120
0.7939,750,120
0.7939,750,120
0.765,4,-9
0.765,4,-9
0.765,4,-9
0.765,4,-9
0.8519,4,-9
0.8519,4,-9
0.8519,4,-9
0.8519,4,-9
0.5777,5061,2024
0.5777,5061,2024
0.5777,5061,2024
0.5777,5061,2024
0.765,4,-9
0.765,4,-9
0.765,4,-9
0.765,4,-9
0.6611,5061,2024
0.6611,5061,2024
0.6611,5061,2024
0.6611,5061,2024
0.5859,4,-9
0.5859,4,-9
0.5859,4,-9
0.5859,4,-9
0.765,4,-9
0.765,4,-9
0.765,4,-9
0.765,4,-9
0.6124,327,48
0.6124,327,48
0.6124,327,48
0.6467,0,-403
0.6467,0,-403
0.6467,0,-403
0.6115,4,-9
0.6115,4,-9
0.6115,4,-9
0.8442,251,47
0.8442,251,47
0.8442,251,47
0.8442,251,47
0.743,13,10
0.743,13,10
0.743,13,10
0.743,13,10
0.6369,1708,368
0.6369,1708,368
0.6369,1708,368
0.6369,1708,368
0.5106,4,-9
0.5106,4,-9
0.5106,4,-9
0.5106,4,-9
0.5859,65,-6
0.5859,65,-6
0.5859,65,-6
0.5859,65,-6
0.5859,4,-9
0.5859,4,-9
0.5859,4,-9
0.5859,4,-9
0.5562,1599,-140
0.5562,1599,-140
0.5562,1599,-140
0.5562,1599,-140
0.5556,5813,1624
0.5556,5813,1624
0.5556,5813,1624
0.5556,5813,1624
0.8555,327,48
0.8555,327,48
0.8555,327,48
0.8555,327,48
0.5983,279,55
0.5983,279,55
0.5983,279,55
0.5983,279,55
0.765,5061,2024
0.765,5061,2024
0.765,5061,2024
0.765,5061,2024
0.8143,493,4
0.8143,493,4
0.8143,493,4
0.8143,493,4
0.5267,5061,2024
0.5267,5061,2024
0.5267,5061,2024
0.5267,5061,2024
0.6467,4,-9
0.6467,4,-9
0.6467,4,-9
0.6467,4,-9
0.5859,1599,-140
0.5859,1599,-140
0.5859,1599,-140
0.5859,1599,-140
0.5859,1166,426
0.5859,1166,426
0.5859,1166,426
0.5859,1166,426
0.8555,5061,2024
0.8555,5061,2024
0.8555,5061,2024
0.8555,5061,2024
0.5267,327,48
0.5267,327,48
0.5267,327,48
0.5267,327,48
0.6808,1166,426
0.6808,1166,426
0.6808,1166,426
0.6808,1166,426
0.5141,13,10
0.5141,13,10
0.5141,13,10
0.5141,13,10
0.7964,1205,179
0.7964,1205,179
0.7964,1205,179
0.7964,1205,179
0.5719,2582,2582
0.5719,2582,2582
0.5719,2582,2582
0.5719,2582,2582
0.6369,1708,368
0.6369,1708,368
0.6369,1708,368
0.6369,1708,368
0.6249,672,189
0.6249,672,189
0.6249,672,189
0.6249,672,189
0.7003,165,44
0.7003,165,44
0.7003,165,44
0.7003,165,44
0.8955,5813,1624
0.8955,5813,1624
0.8955,5813,1624
0.8955,5813,1624
0.717,4,-9
0.717,4,-9
0.717,4,-9
0.717,4,-9
0.5267,1942,427
0.5267,1942,427
0.5267,1942,427
0.5267,1942,427
0.5542,3129,3129
0.5542,3129,3129
0.5542,3129,3129
0.5542,3129,3129
0.6249,1166,426
0.6249,1166,426
0.6249,1166,426
0.6249,1166,426
0.6633,1205,179
0.6633,1205,179
0.6633,1205,179
0.6633,1205,179
0.5267,1708,368
0.5267,1708,368
0.5267,1708,368
0.5267,1708,368
0.7269,0,-1215
0.7269,0,-1215
0.7269,0,-1215
0.7269,0,-1215
0.6988,309,42
0.6988,309,42
0.6988,309,42
0.6988,309,42
0.5994,5061,2024
0.5994,5061,2024
0.5994,5061,2024
0.5994,5061,2024
0.8225,1708,368
0.8225,1708,368
0.8225,1708,368
0.8225,1708,368
0.5859,5061,2024
0.5859,5061,2024
0.5859,5061,2024
0.5859,5061,2024
0.6633,1205,179
0.6633,1205,179
0.6633,1205,179
0.6633,1205,179
0.6696,5061,2024
0.6696,5061,2024
0.6696,5061,2024
0.6696,5061,2024
0.5719,174,16
0.5719,174,16
0.5719,174,16
0.5719,174,16
0.6249,4,-9
0.6249,4,-9
0.6249,4,-9
0.6249,4,-9
0.7964,4,-9
0.7964,4,-9
0.7964,4,-9
0.7964,4,-9
0.6633,5813,1624
0.6633,5813,1624
0.6633,5813,1624
0.6633,5813,1624
0.5562,4,-9
0.5562,4,-9
0.5562,4,-9
0.5562,4,-9
0.6369,13,10
0.6369,13,10
0.6369,13,10
0.6369,13,10
0.7633,13,10
0.7633,13,10
0.7633,13,10
0.7633,13,10
0.75,497,115
0.75,497,115
0.75,497,115
0.75,497,115
0.8827,1708,368
0.8827,1708,368
0.8827,1708,368
0.8827,1708,368
0.6369,5061,2024
0.6369,5061,2024
0.6369,5061,2024
0.6369,5061,2024
0.8439,13,10
0.8439,13,10
0.8439,13,10
0.8439,13,10
0.7125,4,-9
0.7125,4,-9
0.7125,4,-9
0.7125,4,-9
0.7088,13,10
0.7088,13,10
0.7088,13,10
0.7088,13,10
0.7269,1205,179
0.7269,1205,179
0.7269,1205,179
0.7269,1205,179
0.7777,1205,179
0.7777,1205,179
0.7777,1205,179
0.7777,1205,179
0.7574,5061,2024
0.7574,5061,2024
0.7574,5061,2024
0.7574,5061,2024
0.5719,2582,2582
0.5719,2582,2582
0.5719,2582,2582
0.5719,2582,2582
0.7184,750,120
0.7184,750,120
0.7184,750,120
0.7184,750,120
0.83,497,115
0.83,497,115
0.83,497,115
0.83,497,115
0.8225,4,-9
0.8225,4,-9
0.8225,4,-9
0.8225,4,-9
0.7906,4,-9
0.7906,4,-9
0.7906,4,-9
0.7906,4,-9
0.6696,4,-9
0.6696,4,-9
0.6696,4,-9
0.6696,4,-9
0.5859,5813,1624
0.5859,5813,1624
0.5859,5813,1624
0.9195,4,-9
0.9195,4,-9
0.9195,4,-9
0.7269,444,136
0.7269,444,136
0.7269,444,136
0.6597,1708,368
0.6597,1708,368
0.6597,1708,368
0.5994,4,-9
0.5994,4,-9
0.5994,4,-9
0.5093,4,-9
0.5093,4,-9
0.5093,4,-9
0.7906,672,189
0.7906,672,189
0.7906,672,189
0.8494,5061,2024
0.8494,5061,2024
0.8494,5061,2024
0.7269,5061,2024
0.7269,5061,2024
0.7269,5061,2024
0.8384,1708,368
0.8384,1708,368
0.8384,1708,368
0.5719,5061,2024
0.5719,5061,2024
0.5719,5061,2024
0.9231,309,42
0.9231,309,42
0.9231,309,42
0.5719,225,107
0.5719,225,107
0.5719,225,107
0.5423,4,-9
0.5423,4,-9
0.5423,4,-9
0.5994,5061,2024
0.5994,5061,2024
0.5994,5061,2024
0.6369,4,-9
0.6369,4,-9
0.6369,4,-9
0.8689,5061,2024
0.8689,5061,2024
0.8689,5061,2024
0.8625,20,-2
0.8625,20,-2
0.8625,20,-2
0.5719,1708,368
0.5719,1708,368
0.5719,1708,368
0.765,4,-9
0.765,4,-9
0.765,4,-9
