polarity,homeless_trend
0.6361,10
0.6361,10
0.6361,10
0.8534,10
0.8534,10
0.8534,10
0.8992,2024
0.8992,2024
0.8992,2024
0.6597,2024
0.6597,2024
0.6597,2024
0.6369,2024
0.6369,2024
0.6369,2024
0.8122,-9
0.8122,-9
0.8122,-9
0.76,-9
0.76,-9
0.76,-9
0.6705,1624
0.6705,1624
0.6705,1624
0.5983,48
0.5983,48
0.5983,48
0.765,10
0.765,10
0.765,10
0.6249,189
0.6249,189
0.6249,189
0.8011,2024
0.8011,2024
0.8011,2024
0.6908,-9
0.6908,-9
0.6908,-9
0.6369,-9
0.6369,-9
0.6369,-9
0.6124,-9
0.6124,-9
0.6124,-9
0.765,-9
0.765,-9
0.765,-9
0.5267,2024
0.765,-9
0.5719,2024
0.5994,-140
0.8519,2024
0.8519,-9
0.765,2024
0.5994,10
0.8126,1624
0.8126,368
0.765,2024
0.5913,48
0.5994,-9
0.8346,-9
0.5106,48
0.7177,-9
0.8555,368
0.7003,283
0.5766,-9
0.8885,-9
0.8353,-9
0.5093,-9
0.5106,1624
0.6553,2024
0.5719,44
0.6369,3129
0.7096,10
0.8286,2024
0.7269,179
0.632,-9
0.7906,179
0.8442,-9
0.6114,3129
0.5709,368
0.8011,2024
0.5994,-3
0.5859,1624
0.5542,426
0.6249,368
0.7506,368
0.765,-9
0.784,1624
0.8519,-140
0.765,2024
0.8122,368
0.5423,2024
0.8519,114
0.7901,1624
0.6249,2582
0.5267,2024
0.5994,2024
0.5719,-9
0.5423,99
0.7506,2024
0.5562,1624
0.6467,368
0.5994,2024
0.5106,-9
0.8779,183
0.7579,10
0.5106,-9
0.6249,426
0.765,2024
0.765,2024
0.765,2024
0.8519,-140
0.8519,-140
0.8519,-140
0.8519,2024
0.8519,2024
0.8519,2024
0.8519,-9
0.8519,-9
0.8519,-9
0.6369,-9
0.6369,-9
0.6369,-9
0.5423,2024
0.5423,2024
0.5423,2024
0.5994,48
0.5994,48
0.5994,48
0.5707,-51
0.5707,-51
0.5707,-51
0.7964,2024
0.7964,2024
0.7964,2024
0.8555,-9
0.8555,-9
0.8555,-9
0.636,16
0.636,16
0.636,16
0.6369,66
0.6369,66
0.6369,66
0.8236,-9
0.8236,-9
0.8236,-9
0.5994,10
0.5994,10
0.5994,10
0.7717,179
0.7717,179
0.7717,179
0.6166,2024
0.6166,2024
0.6166,2024
0.6249,99
0.6249,99
0.6249,99
0.6249,99
0.5868,2024
0.5868,2024
0.5868,2024
0.5868,2024
0.7297,121
0.7297,121
0.7297,121
0.7297,121
0.5574,136
0.5574,136
0.5574,136
0.5574,136
0.5267,-9
0.5267,-9
0.5267,-9
0.5267,-9
0.6249,-9
0.6249,-9
0.6249,-9
0.6249,-9
0.6369,368
0.6369,368
0.6369,368
0.6369,368
0.8316,179
0.8316,179
0.8316,179
0.8316,179
0.743,-9
0.743,-9
0.743,-9
0.743,-9
0.5994,-1215
0.5994,-1215
0.5994,-1215
0.5994,-1215
0.5106,-140
0.5106,-140
0.5106,-140
0.5106,-140
0.6369,426
0.6369,426
0.6369,426
0.6369,426
0.5994,368
0.5994,368
0.5994,368
0.5994,368
0.6249,2024
0.6249,2024
0.6249,2024
0.6249,2024
0.5859,-9
0.5859,-9
0.5859,-9
0.5859,-9
0.5803,-9
0.5803,-9
0.5803,-9
0.5803,-9
0.9483,-9
0.9483,-9
0.9483,-9
0.9483,-9
0.8313,2024
0.8313,2024
0.8313,2024
0.8313,2024
0.5994,42
0.5994,42
0.5994,42
0.5994,42
0.5994,51
0.5994,51
0.5994,51
0.5994,51
0.8271,41
0.8271,41
0.8271,41
0.8271,41
0.657,43
0.657,43
0.657,43
0.657,43
0.9062,2582
0.9062,2582
0.9062,2582
0.9062,2582
0.6989,-1215
0.6989,-1215
0.6989,-1215
0.6989,-1215
0.5826,10
0.5826,10
0.5826,10
0.5826,10
0.5859,-9
0.5859,-9
0.5859,-9
0.5859,-9
0.7783,2024
0.7783,2024
0.7783,2024
0.7783,2024
0.6369,2024
0.6369,2024
0.6369,2024
0.6369,2024
0.6249,2582
0.6249,2582
0.6249,2582
0.6249,2582
0.8442,10
0.8442,10
0.8442,10
0.8442,10
0.8271,41
0.8271,41
0.8271,41
0.8271,41
0.7537,47
0.7537,47
0.7537,47
0.7537,47
0.5719,-9
0.5719,-9
0.5719,-9
0.5719,-9
0.6369,-9
0.6369,-9
0.6369,-9
0.6369,-9
0.508,2024
0.508,2024
0.508,2024
0.508,2024
0.5719,368
0.5719,368
0.5719,368
0.5719,368
0.795,120
0.795,120
0.795,120
0.795,120
0.5267,78
0.5267,78
0.5267,78
0.5267,78
0.802,114
0.802,114
0.802,114
0.802,114
0.6249,368
0.6249,368
0.6249,368
0.6249,368
0.802,-9
0.802,-9
0.802,-9
0.802,-9
0.6249,10
0.6249,10
0.6249,10
0.6249,10
0.7351,-140
0.7351,-140
0.7351,-140
0.7351,-140
0.8316,2024
0.8316,2024
0.8316,2024
0.5411,-9
0.5411,-9
0.5411,-9
0.8519,-140
0.8519,-140
0.8519,-140
0.5255,-9
0.5255,-9
0.5255,-9
0.765,2024
0.765,2024
0.765,2024
0.6696,-9
0.6696,-9
0.6696,-9
0.8074,-9
0.8074,-9
0.8074,-9
0.7405,149
0.7405,149
0.7405,149
0.5106,-9
0.5106,-9
0.5106,-9
0.7717,2024
0.7717,2024
0.7717,2024
0.8478,2024
0.8478,2024
0.8478,2024
0.8519,2024
0.8519,2024
0.8519,2024
0.6114,-3
0.6114,-3
0.6114,-3
0.7906,2582
0.7906,2582
0.7906,2582
0.7906,38
0.7906,38
0.7906,38
0.5106,66
0.5106,66
0.5106,66
0.6114,-3
0.6114,-3
0.6114,-3
0.5093,2024
0.5093,2024
0.5093,2024
0.6369,-241
0.6369,-241
0.6369,-241
0.6705,2024
0.6705,2024
0.6705,2024
0.8126,2024
0.8126,2024
0.8126,2024
0.7964,2024
0.7964,2024
0.7964,2024
0.5859,-241
0.5859,-241
0.5859,-241
0.5859,2024
0.5859,2024
0.5859,2024
0.9179,-241
0.9179,-241
0.9179,-241
0.7506,-241
0.7506,-241
0.7506,-241
0.5859,3129
0.5859,3129
0.5859,3129
0.5696,-1215
0.5696,-1215
0.5696,-1215
0.802,-9
0.802,-9
0.802,-9
0.5994,-3
0.5994,-3
0.5994,-3
0.8684,1624
0.8684,1624
0.8684,1624
0.8126,10
0.8126,10
0.8126,10
0.5859,4
0.5859,4
0.5859,4
0.6249,2024
0.6249,2024
0.6249,2024
0.7277,368
0.7277,368
0.7277,368
0.5859,3129
0.5859,3129
0.5859,3129
0.6369,-9
0.6369,-9
0.6369,-9
0.8126,1
0.8126,1
0.8126,1
0.7351,426
0.7351,426
0.7351,426
0.836,368
0.836,368
0.836,368
0.7088,2024
0.7088,2024
0.7088,2024
0.7351,-9
0.7351,-9
0.7351,-9
0.765,114
0.765,114
0.765,114
0.8519,-9
0.8519,-9
0.8519,-9
0.8519,2024
0.8519,2024
0.8519,2024
0.8519,2024
0.8519,2024
0.8519,2024
0.7351,2024
0.7351,2024
0.7351,2024
0.6808,78
0.6808,78
0.6808,78
0.765,2024
0.765,2024
0.765,2024
0.5719,2024
0.5719,2024
0.5719,2024
0.7964,2024
0.7964,2024
0.7964,2024
0.7734,368
0.7734,368
0.7734,368
0.7906,107
0.7906,107
0.7906,107
0.6808,-9
0.6808,-9
0.6808,-9
0.8126,48
0.8126,48
0.8126,48
0.765,10
0.765,10
0.765,10
0.5162,2024
0.5162,2024
0.5162,2024
0.5267,368
0.5267,368
0.5267,368
0.6239,2024
0.6239,2024
0.6239,2024
0.6114,-9
0.6114,-9
0.6114,-9
0.7424,-9
0.7424,-9
0.7424,-9
0.5267,-9
0.5267,-9
0.5267,-9
0.6249,368
0.6249,368
0.6249,368
0.6249,-9
0.6249,-9
0.6249,-9
0.6825,2024
0.6825,2024
0.6825,2024
0.5994,2024
0.5994,2024
0.5994,2024
0.6705,2582
0.6705,2582
0.6705,2582
0.5574,44
0.5574,44
0.5574,44
0.568,2024
0.568,2024
0.568,2024
0.7297,78
0.7297,78
0.7297,78
0.765,368
0.765,368
0.765,368
0.6369,372
0.6369,372
0.6369,372
0.8166,107
0.8166,107
0.8166,107
0.7351,-9
0.7351,-9
0.7351,-9
0.5994,426
0.5994,426
0.5994,426
0.5994,-241
0.5994,-241
0.5994,-241
0.5267,13
0.5267,13
0.5267,13
0.5859,-9
0.5859,-9
0.5859,-9
0.6369,149
0.6369,149
0.6369,149
0.836,368
0.836,368
0.836,368
0.6249,368
0.6249,368
0.6249,368
0.6124,-9
0.6124,-9
0.6124,-9
0.75,44
0.75,44
0.75,44
0.7081,120
0.7081,120
0.7081,120
0.7088,368
0.7088,368
0.7088,368
0.8126,368
0.8126,368
0.8126,368
0.5994,2024
0.5994,2024
0.5994,2024
0.7708,-9
0.7708,-9
0.7708,-9
0.8811,2024
0.8811,2024
0.8811,2024
0.7906,2024
0.7906,2024
0.7906,2024
0.5719,10
0.5719,10
0.5719,10
0.7906,2024
0.7906,2024
0.7906,2024
0.5562,2024
0.5562,2024
0.5562,2024
0.5562,1624
0.5562,1624
0.5562,1624
0.5994,32
0.5994,32
0.5994,32
0.6696,-140
0.6696,-140
0.6696,-140
0.6249,-9
0.6249,-9
0.6249,-9
0.5719,368
0.5719,368
0.5719,368
0.5719,368
0.8779,2024
0.8779,2024
0.8779,2024
0.8779,2024
0.5859,-9
0.5859,-9
0.5859,-9
0.5859,-9
0.6467,10
0.6467,10
0.6467,10
0.6467,10
0.7932,10
0.7932,10
0.7932,10
0.7932,10
0.763,115
0.763,115
0.763,115
0.763,115
0.7424,2024
0.7424,2024
0.7424,2024
0.7424,2024
0.5859,2024
0.5859,2024
0.5859,2024
0.5859,2024
0.8066,-9
0.8066,-9
0.8066,-9
0.8066,-9
0.7865,3129
0.7865,3129
0.7865,3129
0.7865,3129
0.7156,2024
0.7156,2024
0.7156,2024
0.7156,2024
0.9062,-170
0.9062,-170
0.9062,-170
0.9062,-170
0.5574,-9
0.5574,-9
0.5574,-9
0.5574,-9
0.5859,2024
0.5859,2024
0.5859,2024
0.5859,2024
0.7896,-30
0.7896,-30
0.7896,-30
0.7896,-30
0.658,-9
0.658,-9
0.658,-9
0.658,-9
0.6369,2582
0.6369,2582
0.6369,2582
0.6369,2582
0.6996,120
0.6996,120
0.6996,120
0.6996,120
0.5859,2024
0.5859,2024
0.5859,2024
0.5859,2024
0.5574,-9
0.5574,-9
0.5574,-9
0.5574,-9
0.6249,2024
0.6249,2024
0.6249,2024
0.6249,2024
0.6369,368
0.6369,368
0.6369,368
0.6369,368
0.6124,-9
0.6124,-9
0.6124,-9
0.6124,-9
0.7283,47
0.7283,47
0.7283,47
0.7283,47
0.7633,-9
0.7633,-9
0.7633,-9
0.7633,-9
0.6588,-9
0.6588,-9
0.6588,-9
0.6588,-9
0.9001,368
0.9001,368
0.9001,368
0.9001,368
0.5994,2024
0.5994,2024
0.5994,2024
0.5994,2024
0.6369,2024
0.6369,2024
0.6369,2024
0.6369,2024
0.5093,120
0.5093,120
0.5093,120
0.5093,120
0.5994,2024
0.5994,2024
0.5994,2024
0.5994,2024
0.5106,2024
0.5106,2024
0.5106,2024
0.5106,2024
0.6249,115
0.6249,115
0.7184,-9
0.7184,-9
0.908,2024
0.908,2024
0.5256,-9
0.5256,-9
0.7579,2024
0.7579,2024
0.6908,-9
0.6908,-9
0.7003,183
0.7003,183
0.5106,189
0.5106,189
0.6369,-9
0.5574,-403
0.6369,-9
0.5574,-403
0.6908,-9
0.6908,-9
0.7003,-9
0.7003,-9
0.5367,-2
0.5367,-2
0.5267,2024
0.5267,2024
0.5411,368
0.5411,368
0.8702,10
0.8702,10
0.5267,16
0.5267,16
0.743,-9
0.743,-9
0.9601,-9
0.9601,-9
0.6705,2024
0.6705,2024
0.9118,51
0.9118,51
0.9172,-9
0.9172,-9
0.5719,120
0.5719,120
0.5719,120
0.5106,-9
0.5106,-9
0.5106,-9
0.5719,10
0.5719,10
0.5719,10
0.8286,84
0.8286,84
0.8286,84
0.6249,-9
0.6249,-9
0.6249,-9
0.743,92
0.743,92
0.743,92
0.5766,-6
0.5766,-6
0.5766,-6
0.765,-241
0.765,-241
0.765,-241
0.6249,-9
0.6249,-9
0.6249,-9
0.8481,10
0.8481,10
0.8481,10
0.7845,-9
0.7845,-9
0.7845,-9
0.636,368
0.636,368
0.636,368
0.6249,2024
0.6249,2024
0.6249,2024
0.5106,121
0.5106,121
0.5106,121
0.7777,179
0.7777,179
0.7777,179
0.7096,1624
0.7096,1624
0.7096,1624
0.7717,2024
0.7717,2024
0.7717,2024
0.5487,-9
0.5487,-9
0.5487,-9
0.6249,3
0.6249,3
0.6249,3
0.7469,13
0.7469,13
0.7469,13
0.8034,2582
0.8034,2582
0.8034,2582
0.9393,10
0.9393,10
0.9393,10
0.8519,2024
0.8519,2024
0.8519,2024
0.5684,179
0.5684,179
0.5684,179
0.6239,-9
0.6239,-9
0.6239,-9
0.7992,-9
0.7992,-9
0.7992,-9
0.7269,2024
0.7269,2024
0.7269,2024
0.6249,1624
0.6249,1624
0.6249,1624
0.5411,-9
0.5411,-9
0.5411,-9
0.5574,3129
0.5574,3129
0.5574,3129
0.6682,-10
0.6682,-10
0.6682,-10
0.8519,2024
0.8519,2024
0.8519,2024
0.5994,1624
0.5994,1624
0.5994,1624
0.8402,-9
0.8402,-9
0.8402,-9
0.5598,-65
0.5598,-65
0.5598,-65
0.765,-9
0.765,-9
0.765,-9
0.5574,-9
0.5574,-9
0.5574,-9
0.8519,2024
0.8519,2024
0.8519,2024
0.8519,2024
0.8519,2024
0.8519,2024
0.6696,-9
0.6696,-9
0.6696,-9
0.765,-9
0.765,-9
0.765,-9
0.765,-9
0.765,-9
0.765,-9
0.8519,-9
0.8519,-9
0.8519,-9
0.765,1624
0.765,1624
0.765,1624
0.5754,-9
0.5754,-9
0.5754,-9
0.5719,-9
0.5719,-9
0.5719,-9
0.9035,114
0.9035,114
0.9035,114
0.5719,-9
0.5719,-9
0.5719,-9
0.6114,-9
0.6114,-9
0.6114,-9
0.7717,368
0.7717,368
0.7717,368
0.5267,-9
0.5267,-9
0.5267,-9
0.7506,368
0.7506,368
0.7506,368
0.636,-241
0.636,-241
0.636,-241
0.8316,-9
0.8316,-9
0.8316,-9
0.8176,78
0.8176,78
0.8176,78
0.6249,-9
0.6249,-9
0.6249,-9
0.6514,-9
0.6514,-9
0.6514,-9
0.6892,-9
0.6892,-9
0.6892,-9
0.5859,-33
0.5859,-33
0.5859,-33
0.5983,10
0.5983,10
0.5983,10
0.5983,10
0.6249,2024
0.6249,2024
0.6249,2024
0.6249,2024
0.6369,-9
0.6369,-9
0.6369,-9
0.6369,-9
0.6249,1624
0.6369,-9
0.6249,-14
0.5106,-9
0.872,42
0.6249,2024
0.7269,2024
0.5994,47
0.6249,2024
0.8402,-9
0.7955,2582
0.5859,2024
0.6705,10
0.8074,-9
0.5411,2024
0.8225,10
0.6369,368
0.7184,-9
0.6369,-403
0.6369,2024
0.7964,2024
0.6369,10
0.8519,-9
0.8519,-9
0.5848,-9
0.765,-9
0.8528,-241
0.765,3129
0.765,-9
0.8519,-140
0.6369,-9
0.6249,-2
0.8519,2024
0.5093,-9
0.8213,-9
0.8885,426
0.8519,-51
0.8338,426
0.765,426
0.7783,1624
0.8519,2024
0.9147,1624
0.7777,-9
0.8442,2582
0.6114,-9
0.7049,-9
0.6369,987
0.5859,18
0.9359,368
0.5719,44
0.7142,-9
0.5719,2024
0.5994,2024
0.6808,2024
0.7964,-9
0.5386,2024
0.6808,2024
0.9037,2024
0.6249,2024
0.5093,1624
0.7184,-9
0.8038,-9
0.5106,368
0.5574,-9
0.5859,44
0.7474,107
0.6597,72
0.5719,1624
0.7096,426
0.5994,2
0.6696,2024
0.5267,10
0.5562,-403
0.8168,2024
0.8168,2024
0.8168,2024
0.765,-9
0.765,-9
0.765,-9
0.7672,380
0.7672,380
0.7672,380
0.5574,-14
0.5574,-14
0.5574,-14
0.8625,1624
0.8625,1624
0.8625,1624
0.8481,2024
0.8481,2024
0.8481,2024
0.8176,-9
0.8176,-9
0.8176,-9
0.765,1624
0.765,1624
0.765,1624
0.5538,-9
0.5538,-9
0.5538,-9
0.8519,-9
0.8519,-9
0.8519,-9
0.5719,48
0.5719,48
0.5719,48
0.836,-9
0.836,-9
0.836,-9
0.6249,-14
0.6249,-14
0.6249,-14
0.6705,-9
0.6705,-9
0.6705,-9
0.7707,-9
0.7707,-9
0.7707,-9
0.6249,-9
0.6249,-9
0.6249,-9
0.7783,115
0.7783,115
0.7783,115
0.7184,2582
0.7184,2582
0.7184,2582
0.5106,1624
0.5106,1624
0.5106,1624
0.5859,368
0.5859,368
0.5859,368
0.5719,-9
0.5719,-9
0.5719,-9
0.624,1624
0.624,1624
0.624,1624
0.5719,-3
0.5719,-3
0.5719,-3
0.6124,368
0.6124,368
0.6124,368
0.8118,48
0.8118,48
0.8118,48
0.6369,1624
0.6369,1624
0.6369,1624
0.5423,1624
0.5423,1624
0.5423,1624
0.5994,-6
0.5994,-6
0.5994,-6
0.626,-9
0.626,-9
0.626,-9
0.9741,368
0.9741,368
0.9741,368
0.7783,2024
0.7783,2024
0.7783,2024
0.743,-9
0.743,-9
0.743,-9
0.6114,-9
0.6114,-9
0.6114,-9
0.7424,2024
0.7424,2024
0.7424,2024
0.8356,-9
0.8356,-9
0.8356,-9
0.6588,-9
0.6588,-9
0.6588,-9
0.6369,368
0.6369,368
0.6369,368
0.6369,-9
0.6369,-9
0.6369,-9
0.9124,120
0.9124,120
0.9124,120
0.7783,3129
0.7783,3129
0.7783,3129
0.6249,-9
0.6249,-9
0.6249,-9
0.765,48
0.765,48
0.765,48
0.8452,2582
0.8452,2582
0.8452,2582
0.5859,2024
0.5859,2024
0.5859,2024
0.6249,-140
0.6249,-140
0.6249,-140
0.5994,2024
0.5093,1624
0.765,-9
0.6633,1624
0.7269,1624
0.5927,2024
0.6249,1624
0.5574,426
0.7184,-9
0.7506,-9
0.5719,-9
0.5719,-9
0.5994,44
0.9022,5
0.7003,-9
0.5719,82
0.5859,-9
0.69,368
0.7783,-1215
0.7096,-140
0.5719,4
0.5574,115
0.7263,-9
0.7269,120
0.8176,-9
0.5267,-51
0.5423,2582
0.6908,-51
0.8442,44
0.9246,-9
0.5719,2582
0.5859,426
0.7964,1624
0.8553,2024
0.8225,1624
0.7959,368
0.6705,426
0.6369,1624
0.9037,-140
0.9001,1624
0.5399,-9
0.8953,368
0.8555,368
0.6892,-9
0.7783,-9
0.6249,-9
0.872,2582
0.6369,368
0.6202,1624
0.5563,48
0.6705,-9
0.7184,-9
0.743,368
0.6249,-9
0.8519,2024
0.6369,2024
0.807,-9
0.7959,-9
0.5994,2024
0.6124,-9
0.743,1624
0.6249,-9
0.743,-9
0.743,-9
0.743,-9
0.743,-9
0.8016,-9
0.8016,-9
0.8016,-9
0.8016,-9
0.8481,120
0.8481,120
0.8481,120
0.8481,120
0.7184,1624
0.7184,1624
0.7184,1624
0.7184,1624
0.9133,2024
0.9133,2024
0.9133,2024
0.9133,2024
0.6476,84
0.6476,84
0.6476,84
0.6476,84
0.9201,-51
0.9201,-51
0.9201,-51
0.9201,-51
0.5106,-9
0.5106,-9
0.5106,-9
0.5106,-9
0.5255,-9
0.5255,-9
0.5255,-9
0.5255,-9
0.658,120
0.658,120
0.658,120
0.658,120
0.7574,-9
0.7574,-9
0.7574,-9
0.7574,-9
0.5859,-140
0.5859,-140
0.5859,-140
0.5859,-140
0.5707,2024
0.5707,2024
0.5707,2024
0.5707,2024
0.7003,2024
0.7003,2024
0.7003,2024
0.7003,2024
0.8126,-1215
0.8126,-1215
0.8126,-1215
0.8126,-1215
0.6249,-9
0.6249,-9
0.6249,-9
0.6249,-9
0.7269,-9
0.7269,-9
0.7269,-9
0.7269,-9
0.5719,51
0.5719,51
0.5719,51
0.5719,51
0.836,-9
0.836,-9
0.836,-9
0.836,-9
0.8402,115
0.8402,115
0.8402,115
0.8402,115
0.6663,136
0.6663,136
0.6663,136
0.6663,136
0.5719,2024
0.5719,2024
0.5719,2024
0.5719,2024
0.765,2024
0.765,2024
0.765,2024
0.765,2024
0.5994,368
0.5994,368
0.5994,368
0.5994,368
0.5719,-9
0.5719,-9
0.5719,-9
0.5719,-9
0.8402,-9
0.8402,-9
0.8402,-9
0.8402,-9
0.6588,-9
0.6588,-9
0.6588,-9
0.6588,-9
0.765,-9
0.765,-9
0.765,-9
0.765,-9
0.765,3129
0.765,3129
0.765,3129
0.765,3129
0.5707,-9
0.5707,-9
0.5707,-9
0.5707,-9
0.6688,-49
0.6688,-49
0.6688,-49
0.6688,-49
0.7096,-17
0.7096,-17
0.7096,-17
0.7096,-17
0.765,2024
0.765,2024
0.765,2024
0.765,2024
0.765,-9
0.765,-9
0.765,-9
0.765,-9
0.8225,-9
0.8225,-9
0.8225,-9
0.8225,-9
0.81,-9
0.81,-9
0.81,-9
0.81,-9
0.6239,-9
0.6239,-9
0.6239,-9
0.6239,-9
0.8625,32
0.8625,32
0.8625,32
0.8625,32
0.8268,-9
0.8268,-9
0.8268,-9
0.8268,-9
0.9035,368
0.9035,368
0.9035,368
0.9035,368
0.5423,15
0.5423,15
0.5423,15
0.5423,15
0.636,10
0.636,10
0.636,10
0.636,10
0.8126,-140
0.8126,-140
0.8126,-140
0.8126,-140
0.5994,149
0.5994,149
0.5994,149
0.5994,149
0.865,10
0.865,10
0.865,10
0.865,10
0.5837,10
0.5837,10
0.5837,10
0.5837,10
0.6369,210
0.6369,210
0.6369,210
0.6369,210
0.6633,1624
0.6633,1624
0.6633,1624
0.6633,1624
0.5719,-9
0.5719,-9
0.5719,-9
0.5719,-9
0.5719,2024
0.5719,2024
0.5719,2024
0.5719,2024
0.6476,84
0.6476,84
0.6476,84
0.6476,84
0.5719,-9
0.765,2024
0.7096,-9
0.8164,10
0.5994,55
0.8714,-9
0.836,2024
0.7003,189
0.636,189
0.5514,283
0.5386,2024
0.5719,-9
0.6588,-49
0.8513,99
0.6249,120
0.7678,89
0.5719,-9
0.5267,136
0.9523,2024
0.6249,179
0.5994,-9
0.8143,380
0.6369,115
0.873,-9
0.8519,2024
0.8519,2024
0.8519,-9
0.7639,46
0.5267,44
0.5859,7
0.8519,-9
0.5719,-9
0.7964,-9
0.6996,10
0.6249,16
0.8519,2024
0.7579,2024
0.8519,2024
0.6331,2024
0.7164,-9
0.6369,44
0.5719,368
0.8997,2024
0.807,44
0.6369,-2
0.8271,2024
0.6588,-33
0.8297,120
0.9286,-9
0.7184,46
0.5859,2024
0.6705,2582
0.6433,368
0.6884,-9
0.5994,2024
0.7184,189
0.7425,2024
0.743,2024
0.765,10
0.6908,120
0.5719,48
0.7717,2582
0.6249,2024
0.8779,426
0.743,-33
0.743,1624
0.7783,1624
0.6249,2024
0.7906,3129
0.5106,10
0.5256,-241
0.5267,368
0.8481,368
0.6808,183
0.7964,-9
0.6369,114
0.6114,2024
0.8442,5
0.5859,2582
0.624,10
0.6588,-6
0.6369,-9
0.5106,5
0.5106,5
0.5106,5
0.6369,368
0.6369,368
0.6369,368
0.5244,-51
0.5244,-51
0.5244,-51
0.5826,2582
0.5826,2582
0.5826,2582
0.6369,2024
0.6369,2024
0.6369,2024
0.7579,10
0.7579,10
0.7579,10
0.9084,-9
0.9084,-9
0.9084,-9
0.6249,107
0.6249,107
0.6249,107
0.5256,66
0.5256,66
0.5256,66
0.5859,2024
0.5859,2024
0.5859,2024
0.8519,-9
0.8519,-9
0.8519,-9
0.5709,-140
0.5709,-140
0.5709,-140
0.7717,43
0.7717,43
0.7717,43
0.6705,-9
0.6705,-9
0.6705,-9
0.6696,18
0.6696,18
0.6696,18
0.8356,-9
0.8356,-9
0.8356,-9
0.5719,3129
0.5719,3129
0.5719,3129
0.6369,2024
0.6369,2024
0.6369,2024
0.6988,2024
0.6988,2024
0.6988,2024
0.6124,121
0.6124,121
0.6124,121
0.8176,426
0.8176,426
0.8176,426
0.7579,-9
0.7579,-9
0.7579,-9
0.5994,-1215
0.5994,-1215
0.5994,-1215
0.5719,-9
0.5719,-9
0.5719,-9
0.75,10
0.75,10
0.75,10
0.6249,2024
0.6249,2024
0.6249,2024
0.6369,44
0.6369,44
0.6369,44
0.8689,-9
0.8689,-9
0.8689,-9
0.5994,2024
0.5994,2024
0.5994,2024
0.5994,2024
0.5719,368
0.5719,368
0.5719,368
0.5719,368
0.6369,-9
0.6369,-9
0.6369,-9
0.6369,-9
0.6249,368
0.6249,368
0.6249,368
0.6249,368
0.7491,-9
0.7491,-9
0.7491,-9
0.7491,-9
0.784,-9
0.784,-9
0.784,-9
0.784,-9
0.5994,-9
0.5994,-9
0.5994,-9
0.5994,-9
0.7543,115
0.7543,115
0.7543,115
0.7543,115
0.8555,-9
0.8555,-9
0.8555,-9
0.8555,-9
0.8519,2024
0.8519,2024
0.8519,2024
0.8519,2024
0.5106,-10
0.5106,-10
0.5106,-10
0.5106,-10
0.765,2024
0.765,2024
0.765,2024
0.765,2024
0.8519,-140
0.8519,-140
0.8519,-140
0.8519,-140
0.5719,2024
0.5719,2024
0.5719,2024
0.5719,2024
0.8519,2024
0.8519,2024
0.8519,2024
0.8519,2024
0.7263,2582
0.7263,2582
0.7263,2582
0.7263,2582
0.5859,-9
0.5859,-9
0.5859,-9
0.5859,-9
0.7351,99
0.7351,99
0.7351,99
0.7351,99
0.6467,-9
0.6467,-9
0.6467,-9
0.6467,-9
0.6369,2024
0.6369,2024
0.6369,2024
0.6369,2024
0.802,-9
0.802,-9
0.802,-9
0.802,-9
0.7351,-9
0.7351,-9
0.7351,-9
0.7351,-9
0.7351,42
0.7351,42
0.7351,42
0.7351,42
0.7615,1624
0.7615,1624
0.7615,1624
0.7615,1624
0.5994,-9
0.5994,-9
0.5994,-9
0.5994,-9
0.5483,-9
0.5483,-9
0.5483,-9
0.5483,-9
0.9477,-9
0.9477,-9
0.9477,-9
0.9477,-9
0.5859,-9
0.5859,-9
0.5859,-9
0.5859,-9
0.9151,179
0.9151,179
0.9151,179
0.9151,179
0.765,67
0.765,67
0.765,67
0.765,67
0.8271,2024
0.8271,2024
0.8271,2024
0.8271,2024
0.5719,1624
0.5719,1624
0.5719,1624
0.5719,1624
0.6369,10
0.5696,-9
0.5562,-9
0.5106,5
0.6369,10
0.5994,2024
0.5859,1624
0.743,2024
0.743,2024
0.743,2024
0.8016,48
0.8016,48
0.8016,48
0.8465,92
0.8465,92
0.8465,92
0.6249,-9
0.6249,-9
0.6249,-9
0.5542,183
0.5542,183
0.5542,183
0.6705,-14
0.6705,-14
0.6705,-14
0.8798,426
0.8798,426
0.8798,426
0.68,-140
0.68,-140
0.68,-140
0.5023,2024
0.5023,2024
0.5023,2024
0.6249,2024
0.6249,2024
0.6249,2024
0.5106,2024
0.5106,2024
0.5106,2024
0.5267,1624
0.5267,1624
0.5267,1624
0.8442,10
0.8442,10
0.8442,10
0.8555,368
0.8555,368
0.8555,368
0.6369,-9
0.6369,-9
0.6369,-9
0.6696,-9
0.6696,-9
0.6696,-9
0.7579,-9
0.7579,-9
0.7579,-9
0.7579,-9
0.6705,-9
0.6705,-9
0.6705,-9
0.6705,-9
0.9001,368
0.9001,368
0.9001,368
0.9001,368
0.7783,-9
0.7783,-9
0.7783,-9
0.7783,-9
0.6369,1624
0.6369,1624
0.6369,1624
0.6369,1624
0.7297,78
0.7297,78
0.7297,78
0.7297,78
0.5719,2024
0.5719,2024
0.5719,2024
0.5719,2024
0.6369,427
0.6369,427
0.6369,427
0.6369,427
0.5719,44
0.5719,44
0.8395,14
0.8395,14
0.765,115
0.765,115
0.5449,-9
0.5449,-9
0.7906,189
0.5267,-140
0.5719,44
0.5859,2024
0.6956,-241
0.8074,1624
0.7964,2024
0.5859,44
0.8074,2024
0.7568,-9
0.5255,-9
0.8553,10
0.8267,10
0.7707,-403
0.6996,10
0.5859,2024
0.8221,2024
0.6884,-9
0.5267,2024
0.6249,2024
0.7964,2024
0.8271,44
0.6124,1624
0.5719,2582
0.6369,2024
0.5399,2024
0.5719,-9
0.7345,10
0.658,1624
0.6166,-9
0.7707,5
0.7959,380
0.7481,2024
0.6249,-9
0.6114,-9
0.5994,2024
0.5023,368
0.8555,-9
0.9089,10
0.6249,48
0.6476,41
0.6341,5
0.5106,-9
0.7412,-9
0.8316,10
0.5994,5
0.6369,10
0.5267,-9
0.6249,2024
0.5994,-9
0.6166,78
0.5719,-9
0.6369,-241
0.8807,368
0.6369,368
0.8225,2582
0.6808,-9
0.6808,-9
0.6476,-403
0.6476,-403
0.6476,-403
0.7845,1624
0.7845,1624
0.678,-9
0.678,-9
0.678,-9
0.802,1624
0.802,1624
0.802,1624
0.6696,2024
0.6696,2024
0.6696,2024
0.6408,-140
0.6408,-140
0.6408,-140
0.7461,2582
0.7461,2582
0.7461,2582
0.8481,120
0.8481,120
0.8481,120
0.7184,2024
0.7184,2024
0.7184,2024
0.6114,10
0.6114,10
0.6114,10
0.8625,-9
0.8625,-9
0.8625,-9
0.6166,-9
0.6166,-9
0.6166,-9
0.5719,-9
0.5719,-9
0.5719,-9
0.6114,2582
0.6114,2582
0.6114,2582
0.5267,1624
0.5267,1624
0.5267,1624
0.5719,10
0.5719,10
0.5719,10
0.7184,2024
0.7184,2024
0.7184,2024
0.7351,183
0.7351,183
0.7351,183
0.6369,8
0.6369,8
0.6369,8
0.6808,2024
0.6808,2024
0.6808,2024
0.6249,-9
0.6249,-9
0.6249,-9
0.7845,2024
0.7845,2024
0.7845,2024
0.7845,2024
0.7845,2024
0.7845,2024
0.7873,368
0.7873,368
0.7873,368
0.5994,2582
0.5994,2582
0.5994,2582
0.5994,2582
0.9042,-49
0.9042,-49
0.9042,-49
0.9042,-49
0.7482,10
0.7482,10
0.7482,10
0.7482,10
0.6249,368
0.6249,368
0.6249,368
0.6249,368
0.6705,84
0.6705,84
0.6705,84
0.6705,84
0.7346,-9
0.7346,-9
0.7346,-9
0.7346,-9
0.7297,55
0.7297,55
0.7297,55
0.7297,55
0.8442,1624
0.8442,1624
0.8442,1624
0.8442,1624
0.6219,-9
0.6219,-9
0.6219,-9
0.6219,-9
0.836,1624
0.836,1624
0.836,1624
0.836,1624
0.5994,987
0.5994,987
0.5994,987
0.5994,987
0.7177,-140
0.7177,-140
0.7177,-140
0.7177,-140
0.5994,-9
0.5994,-9
0.5994,-9
0.5994,-9
0.5719,44
0.5719,44
0.5719,44
0.5719,44
0.5913,-9
0.5913,-9
0.5913,-9
0.5913,-9
0.7297,44
0.7297,44
0.7297,44
0.7297,44
0.5499,-9
0.5499,-9
0.5499,-9
0.5499,-9
0.6249,10
0.6249,10
0.6249,10
0.6249,10
0.5267,-9
0.5267,-9
0.5267,-9
0.5267,-9
0.6369,368
0.6369,368
0.6369,368
0.6369,368
0.8786,-9
0.8786,-9
0.8786,-9
0.8786,-9
0.6696,48
0.6696,48
0.6696,48
0.6696,48
0.5859,2024
0.5859,2024
0.5859,2024
0.5859,2024
0.6369,-9
0.6369,-9
0.6369,-9
0.6369,-9
0.5719,-140
0.5719,-140
0.5719,-140
0.5719,-140
0.5622,-9
0.5622,-9
0.5622,-9
0.5622,-9
0.743,-9
0.743,-9
0.743,-9
0.743,-9
0.802,-9
0.802,-9
0.802,-9
0.802,-9
0.7351,2024
0.7351,2024
0.7351,2024
0.7351,2024
0.5994,114
0.5994,114
0.5994,114
0.5994,114
0.8519,2024
0.8519,2024
0.8519,2024
0.8519,2024
0.5106,-9
0.5106,-9
0.5106,-9
0.5106,-9
0.5983,51
0.5983,51
0.5983,51
0.5983,51
0.765,-9
0.765,-9
0.765,-9
0.765,-9
0.5994,-403
0.5994,-403
0.5994,-403
0.5994,-403
0.6808,-9
0.6808,-9
0.6808,-9
0.6808,-9
0.5106,2024
0.5106,2024
0.5106,2024
0.5106,2024
0.8367,-9
0.8367,-9
0.8367,-9
0.8367,-9
0.6369,2024
0.6369,2024
0.6369,2024
0.6369,2024
0.5093,47
0.5093,47
0.5093,47
0.5093,47
0.5719,368
0.5719,368
0.5719,368
0.5719,368
0.6908,189
0.6908,189
0.6908,189
0.6908,189
0.6808,-241
0.6808,-241
0.6808,-241
0.6808,-241
0.6124,0
0.6124,0
0.6124,0
0.6124,0
0.6369,368
0.6369,368
0.6369,368
0.6369,368
0.7345,1624
0.7345,1624
0.7345,1624
0.7345,1624
0.5719,-224
0.5719,-224
0.5719,-224
0.5719,-224
0.7345,2024
0.7345,2024
0.7345,2024
0.7345,2024
0.5106,368
0.5106,368
0.5106,368
0.5106,368
0.7351,2
0.7351,2
0.7351,2
0.7351,2
0.8176,2
0.8176,2
0.8176,2
0.8176,2
0.8547,10
0.8547,10
0.8547,10
0.8547,10
0.6597,10
0.6597,10
0.6597,10
0.6597,10
0.8258,48
0.8258,48
0.8258,48
0.8258,48
0.6369,10
0.6369,10
0.6369,10
0.6369,10
0.7345,-9
0.7345,-9
0.7345,-9
0.7345,-9
0.6369,368
0.6369,368
0.6369,368
0.6369,368
0.6597,48
0.6597,48
0.6597,48
0.6597,48
0.6369,1624
0.6369,1624
0.6369,1624
0.6369,1624
0.6908,78
0.6908,78
0.6908,78
0.6908,78
0.5574,-9
0.5574,-9
0.5574,-9
0.5574,-9
0.93,368
0.93,368
0.93,368
0.93,368
0.6369,48
0.6369,48
0.6369,48
0.6369,48
0.5106,-30
0.5106,-30
0.5106,-30
0.5106,-30
0.7579,2024
0.7579,2024
0.7579,2024
0.7845,-9
0.7845,-9
0.7845,-9
0.8271,280
0.8271,280
0.8271,280
0.7783,1624
0.7783,1624
0.7783,1624
0.7067,2024
0.7067,2024
0.7067,2024
0.5267,2024
0.5267,2024
0.5267,2024
0.5267,2024
0.5267,2024
0.5267,2024
0.5719,2024
0.5719,2024
0.5719,2024
0.7579,2024
0.7579,2024
0.7579,2024
0.5598,-9
0.5598,-9
0.5598,-9
0.5267,2024
0.5267,2024
0.5267,2024
0.8421,-9
0.8421,-9
0.8421,-9
0.6369,2024
0.6369,2024
0.6369,2024
0.8047,-9
0.8047,-9
0.8047,-9
0.6868,368
0.6868,368
0.6868,368
0.7184,-140
0.7184,-140
0.7184,-140
0.5859,368
0.5859,368
0.5859,368
0.9153,2024
0.9153,2024
0.9153,2024
0.5267,-9
0.5267,-9
0.5267,-9
0.5399,-51
0.5399,-51
0.5399,-51
0.5719,368
0.5719,368
0.5719,368
0.765,-9
0.765,-9
0.765,-9
0.6802,-9
0.6802,-9
0.6802,-9
0.8519,2024
0.8519,2024
0.8519,2024
0.8519,2024
0.8519,2024
0.8519,2024
0.5574,-140
0.5574,-140
0.5574,-140
0.836,2024
0.836,2024
0.836,2024
0.6799,-9
0.6799,-9
0.6799,-9
0.6369,368
0.6369,368
0.6369,368
0.8519,2024
0.8519,2024
0.8519,2024
0.8225,2024
0.8225,2024
0.8225,2024
0.6705,-9
0.6705,-9
0.6705,-9
0.5574,13
0.5574,13
0.5574,13
0.6908,-9
0.6908,-9
0.6908,-9
0.8955,-9
0.8955,-9
0.8955,-9
0.6892,368
0.6892,368
0.6892,368
0.6249,-9
0.6249,-9
0.6249,-9
0.7964,-48
0.7964,-48
0.7964,-48
0.6808,114
0.6808,114
0.6808,114
0.6808,114
0.5859,2024
0.5859,2024
0.5859,2024
0.5859,2024
0.6723,1624
0.6723,1624
0.6723,1624
0.6723,1624
0.7263,1624
0.7263,1624
0.7263,1624
0.7263,1624
0.6599,2024
0.6599,2024
0.6599,2024
0.6599,2024
0.6369,2024
0.6369,2024
0.6369,2024
0.6369,2024
0.8091,37
0.8091,37
0.8091,37
0.8091,37
0.6249,372
0.6249,372
0.6249,372
0.6249,372
0.9081,32
0.9081,32
0.9081,32
0.9081,32
0.7264,2024
0.7264,2024
0.7264,2024
0.7264,2024
0.5106,2024
0.5106,2024
0.5106,2024
0.5106,2024
0.7783,10
0.7783,10
0.7783,10
0.7783,10
0.6573,3129
0.6573,3129
0.6573,3129
0.6573,3129
0.93,-241
0.93,-241
0.93,-241
0.93,-241
0.6705,-241
0.6705,-241
0.6705,-241
0.6705,-241
0.8173,380
0.8173,380
0.8173,380
0.8173,380
0.6369,1624
0.6369,1624
0.6369,1624
0.6369,1624
0.875,-9
0.875,-9
0.875,-9
0.875,-9
0.6705,115
0.6705,115
0.6705,115
0.6705,115
0.5719,-9
0.5719,-9
0.5719,-9
0.5719,-9
0.7475,-3
0.7475,-3
0.7475,-3
0.7475,-3
0.636,5
0.636,5
0.636,5
0.636,5
0.7579,-1215
0.7579,-1215
0.7579,-1215
0.7579,-1215
0.9628,10
0.9628,10
0.9628,10
0.9628,10
0.8718,66
0.8718,66
0.8718,66
0.8718,66
0.7003,10
0.7003,10
0.7003,10
0.7003,10
0.5267,1624
0.5267,1624
0.5267,1624
0.5267,1624
0.5563,-403
0.5563,-403
0.5563,-403
0.5563,-403
0.6369,2024
0.6369,2024
0.6369,2024
0.6369,2024
0.6369,10
0.6369,10
0.6369,10
0.6369,10
0.6114,3129
0.6114,3129
0.6114,3129
0.6114,3129
0.6249,2024
0.6249,2024
0.6249,2024
0.6249,2024
0.6114,2024
0.6114,2024
0.6114,2024
0.6114,2024
0.7845,2024
0.7845,2024
0.7845,2024
0.7845,2024
0.8519,-9
0.8519,-9
0.8519,-9
0.8519,-9
0.8519,2024
0.8519,2024
0.8519,2024
0.8519,2024
0.765,2024
0.765,2024
0.765,2024
0.765,2024
0.8519,-9
0.8519,-9
0.8519,-9
0.8519,-9
0.8519,-140
0.8519,-140
0.8519,-140
0.8519,-140
0.8519,-9
0.8519,-9
0.8519,-9
0.8519,-9
0.765,2024
0.765,2024
0.765,2024
0.765,2024
0.5859,3129
0.5859,3129
0.5859,3129
0.5859,3129
0.6249,2024
0.6249,2024
0.6249,2024
0.6249,2024
0.7869,368
0.7869,368
0.7869,368
0.7869,368
0.6696,-140
0.6696,-140
0.6696,-140
0.7717,2024
0.7717,2024
0.7717,2024
0.7371,12
0.7371,12
0.7371,12
0.6369,-9
0.6369,-9
0.6369,-9
0.5423,2024
0.5423,2024
0.5423,2024
0.8832,120
0.8832,120
0.8832,120
0.6369,2582
0.6369,2582
0.6369,2582
0.6369,3129
0.6369,3129
0.6369,3129
0.5106,368
0.5106,368
0.5106,368
0.8122,0
0.8122,0
0.8122,0
0.5983,1624
0.5983,1624
0.5983,1624
0.6114,368
0.6114,368
0.6114,368
0.6166,2024
0.6166,2024
0.6166,2024
0.9515,426
0.9515,426
0.9515,426
0.5106,55
0.5106,55
0.5106,55
0.5719,121
0.5719,121
0.5719,121
0.6369,48
0.6369,48
0.6369,48
0.743,1624
0.743,1624
0.743,1624
0.8356,-9
0.8356,-9
0.8356,-9
0.5859,1624
0.5859,1624
0.5859,1624
0.6588,426
0.6588,426
0.6588,426
0.5859,-9
0.5859,-9
0.5859,-9
0.5106,38
0.5106,38
0.5106,38
0.7263,1624
0.7263,1624
0.7263,1624
0.6114,-9
0.6114,-9
0.6114,-9
0.9287,-9
0.9287,-9
0.9287,-9
0.9287,-9
0.7906,-9
0.7906,-9
0.7906,-9
0.7906,-9
0.6249,114
0.6249,114
0.6249,114
0.6249,114
0.6369,-9
0.6369,-9
0.6369,-9
0.6369,-9
0.7783,-9
0.7783,-9
0.7783,-9
0.7783,-9
0.7698,42
0.7698,42
0.7698,42
0.7698,42
0.8402,-33
0.8402,-33
0.8402,-33
0.8402,-33
0.7906,-9
0.7906,-9
0.7906,-9
0.7906,-9
0.5267,2024
0.5267,2024
0.5267,2024
0.5267,2024
0.6989,-30
0.6989,-30
0.6989,-30
0.6989,-30
0.8519,1624
0.8519,1624
0.8519,1624
0.8519,1624
0.8479,-9
0.8479,-9
0.8479,-9
0.8479,-9
0.6908,42
0.6908,42
0.6908,42
0.6908,42
0.7351,-9
0.7351,-9
0.7351,-9
0.7351,-9
0.5267,5
0.5267,5
0.5267,5
0.5267,5
0.5081,-241
0.5081,-241
0.5081,-241
0.5081,-241
0.5826,2024
0.5826,2024
0.5826,2024
0.5826,2024
0.5994,115
0.5994,115
0.5994,115
0.5994,115
0.765,-9
0.765,-9
0.765,-9
0.765,-9
0.8636,-9
0.8636,-9
0.8636,-9
0.8636,-9
0.6696,78
0.6696,78
0.6696,78
0.6696,78
0.8519,2024
0.8519,2024
0.8519,2024
0.8519,2024
0.5106,-241
0.5106,-241
0.5106,-241
0.5106,-241
0.8779,-241
0.8779,-241
0.8779,-241
0.8779,-241
0.7433,-241
0.7433,-241
0.7433,-241
0.7433,-241
0.7798,-241
0.7798,-241
0.7798,-241
0.7798,-241
0.9118,-241
0.9118,-241
0.9118,-241
0.9118,-241
0.765,-241
0.765,-241
0.765,-241
0.765,-241
0.836,-241
0.836,-241
0.836,-241
0.836,-241
0.6369,2024
0.6369,2024
0.6369,2024
0.6369,2024
0.6249,-9
0.6249,-9
0.6249,-9
0.6249,-9
0.8715,2582
0.8715,2582
0.8715,2582
0.8715,2582
0.5562,368
0.5562,368
0.5562,368
0.5562,368
0.5719,5
0.5719,5
0.5719,5
0.5719,5
0.5994,78
0.5994,78
0.5994,78
0.5994,78
0.7964,18
0.7964,18
0.7964,18
0.7964,18
0.6988,42
0.6988,42
0.6988,42
0.6988,42
0.6249,-51
0.6249,-51
0.6249,-51
0.6249,-51
0.8525,10
0.8525,10
0.8525,10
0.8525,10
0.8519,2024
0.8519,2024
0.8519,2024
0.8519,2024
0.8271,-9
0.8271,-9
0.8271,-9
0.8271,-9
0.8807,44
0.8807,44
0.8807,44
0.8807,44
0.5719,44
0.5719,44
0.5719,44
0.5719,44
0.906,2582
0.906,2582
0.906,2582
0.906,2582
0.5719,-140
0.5719,-140
0.5719,-140
0.5719,-140
0.8481,149
0.8481,149
0.8481,149
0.8481,149
0.6908,120
0.6908,120
0.6908,120
0.6908,120
0.6249,10
0.6249,10
0.6249,10
0.6249,10
0.5994,-9
0.5994,-9
0.5994,-9
0.948,-9
0.948,-9
0.948,-9
0.8519,2024
0.8519,2024
0.8519,2024
0.765,2024
0.765,2024
0.765,2024
0.5673,-241
0.5673,-241
0.5673,-241
0.6588,-51
0.6588,-51
0.6588,-51
0.5719,1624
0.5719,1624
0.5719,1624
0.6892,18
0.6892,18
0.6892,18
0.7717,47
0.7717,47
0.7717,47
0.5994,-42
0.5994,-42
0.5994,-42
0.6369,2024
0.6369,2024
0.6369,2024
0.5106,-9
0.5106,-9
0.5106,-9
0.6369,368
0.6369,368
0.6369,368
0.5994,2024
0.5994,2024
0.5994,2024
0.7525,38
0.7525,38
0.7525,38
0.7906,44
0.7906,44
0.7906,44
0.7804,-9
0.7804,-9
0.7804,-9
0.8429,2024
0.8429,2024
0.8429,2024
0.8957,-9
0.8957,-9
0.8957,-9
0.5574,66
0.5574,66
0.5574,66
0.8777,2024
0.8777,2024
0.8777,2024
0.5848,1624
0.5848,1624
0.5848,1624
0.7345,1624
0.7345,1624
0.7345,1624
0.8166,44
0.8166,44
0.8166,44
0.5719,368
0.5719,368
0.5719,368
0.7003,7
0.7003,7
0.7003,7
0.6369,368
0.6369,368
0.6369,368
0.7345,2024
0.7345,2024
0.7345,2024
0.5267,66
0.5267,66
0.5267,66
0.5399,120
0.5399,120
0.5399,120
0.7579,10
0.7579,10
0.7579,10
0.5574,210
0.5574,210
0.5574,210
0.5859,2024
0.5859,2024
0.5859,2024
0.6369,2024
0.6369,2024
0.6369,2024
0.6808,368
0.6808,368
0.6808,368
0.7906,2024
0.7906,2024
0.7906,2024
0.5106,183
0.5106,183
0.5106,183
0.7351,-42
0.7351,-42
0.7351,-42
0.7345,-9
0.7345,-9
0.7345,-9
0.8675,44
0.8675,44
0.8675,44
0.8675,44
0.6124,14
0.6124,14
0.6124,14
0.6124,14
0.5598,12
0.5598,12
0.5598,12
0.5598,12
0.8519,2024
0.8519,2024
0.8519,2024
0.8519,2024
0.7184,189
0.7184,189
0.7184,189
0.7184,189
0.5255,2024
0.5255,2024
0.5255,2024
0.5255,2024
0.7964,10
0.7964,10
0.7964,10
0.7964,10
0.9068,48
0.9068,48
0.9068,48
0.9068,48
0.7297,-9
0.7297,-9
0.7297,-9
0.7297,-9
0.5719,135
0.5719,135
0.5719,135
0.5719,135
0.6369,426
0.6369,426
0.6369,426
0.6369,426
0.7339,-9
0.7339,-9
0.7339,-9
0.7339,-9
0.7412,426
0.7412,426
0.7412,426
0.7412,426
0.8122,-9
0.8122,-9
0.8122,-9
0.8122,-9
0.6249,2024
0.6249,2024
0.6249,2024
0.6249,2024
0.5719,2024
0.5719,2024
0.5719,2024
0.5719,2024
0.5093,2024
0.5093,2024
0.5093,2024
0.5093,2024
0.5106,210
0.5106,210
0.5106,210
0.5106,210
0.765,120
0.765,120
0.765,120
0.765,120
0.6369,368
0.6369,368
0.6369,368
0.6369,368
0.69,-9
0.69,-9
0.69,-9
0.69,-9
0.836,-9
0.836,-9
0.836,-9
0.836,-9
0.5994,44
0.5994,44
0.5994,44
0.5994,44
0.7506,368
0.7506,368
0.7506,368
0.7506,368
0.8316,1624
0.8316,1624
0.8316,1624
0.8316,1624
0.5719,-9
0.5719,-9
0.5719,-9
0.5719,-9
0.9261,-9
0.9261,-9
0.9261,-9
0.9261,-9
0.7339,-140
0.7339,-140
0.7339,-140
0.7339,-140
0.6369,-140
0.6369,-140
0.6369,-140
0.6369,-140
0.9231,2024
0.9231,2024
0.9231,2024
0.9231,2024
0.8528,10
0.8528,10
0.8528,10
0.8528,10
0.6369,84
0.6369,84
0.6369,84
0.6369,84
0.5242,3129
0.5242,3129
0.5242,3129
0.5242,3129
0.7035,-9
0.7035,-9
0.7035,-9
0.7035,-9
0.5719,1624
0.5719,1624
0.5719,1624
0.5719,1624
0.7574,-9
0.7574,-9
0.7574,-9
0.7574,-9
0.8436,2024
0.8436,2024
0.8436,2024
0.8436,2024
0.802,-140
0.802,-140
0.802,-140
0.802,-140
0.5719,-140
0.5719,-140
0.5719,-140
0.5719,-140
0.743,2582
0.743,2582
0.743,2582
0.743,2582
0.6705,368
0.6705,368
0.6705,368
0.6705,368
0.5106,-9
0.5106,-9
0.5106,-9
0.5106,-9
0.5106,-51
0.5106,-51
0.5106,-51
0.8271,2024
0.8271,2024
0.8271,2024
0.8271,-9
0.8271,-9
0.8271,-9
0.7964,2024
0.7964,2024
0.7964,2024
0.6369,368
0.6369,368
0.6369,368
0.8807,78
0.8807,78
0.8807,78
0.6705,5
0.6705,5
0.6705,5
0.8779,2024
0.8779,2024
0.8779,2024
0.6825,210
0.6825,210
0.6825,210
0.5106,-9
0.5106,-9
0.5106,-9
0.8402,-9
0.8402,-9
0.8402,-9
0.5267,283
0.5267,283
0.5267,283
0.7506,2024
0.7506,2024
0.7506,2024
0.5574,2024
0.5574,2024
0.5574,2024
0.5562,10
0.5562,10
0.5562,10
0.8267,16
0.8267,16
0.8267,16
0.836,10
0.836,10
0.836,10
0.6369,-9
0.6369,-9
0.6369,-9
0.8519,-9
0.8519,-9
0.8519,-9
0.6369,1624
0.6369,1624
0.6369,1624
0.5255,2024
0.5255,2024
0.5255,2024
0.765,2024
0.765,2024
0.765,2024
0.636,-9
0.636,-9
0.636,-9
0.5719,368
0.5719,368
0.5719,368
0.6486,-9
0.6486,-9
0.6486,-9
0.5574,2582
0.5574,2582
0.5574,2582
0.7142,-403
0.7142,-403
0.7142,-403
0.6369,-9
0.6369,-9
0.6369,-9
0.5106,107
0.5106,107
0.5106,107
0.6249,-9
0.6249,-9
0.6249,-9
0.8519,107
0.8519,107
0.8519,107
0.8519,-9
0.8519,-9
0.8519,-9
0.5719,426
0.5719,426
0.5719,426
0.8834,368
0.8834,368
0.8834,368
0.9118,-9
0.9118,-9
0.9118,-9
0.5994,368
0.5994,368
0.5994,368
0.7579,44
0.7579,44
0.7579,44
0.8176,46
0.8176,46
0.8176,46
0.5093,-403
0.5093,-403
0.5093,-403
0.5859,2024
0.5859,2024
0.5859,2024
0.5859,2024
0.5859,2024
0.5859,2024
0.5962,-9
0.5962,-9
0.5962,-9
0.8122,1624
0.8122,1624
0.8122,1624
0.7906,-9
0.7906,-9
0.7906,-9
0.8074,179
0.8074,179
0.8074,179
0.5719,368
0.5719,368
0.5719,368
0.5423,121
0.5423,121
0.5423,121
0.5719,10
0.5719,10
0.5719,10
0.8225,368
0.8225,368
0.8225,368
0.5859,2024
0.5859,2024
0.5859,2024
0.6369,2024
0.6369,2024
0.6369,2024
0.599,426
0.599,426
0.599,426
0.5859,2024
0.5859,2024
0.5859,2024
0.5994,-9
0.5994,-9
0.5994,-9
0.765,55
0.765,55
0.765,55
0.765,115
0.765,115
0.765,115
0.8122,99
0.8122,99
0.8122,99
0.5719,1624
0.5719,1624
0.5719,1624
0.5994,2024
0.5994,2024
0.5994,2024
0.6826,-9
0.6826,-9
0.6826,-9
0.5562,2024
0.5562,2024
0.5562,2024
0.7269,426
0.7269,426
0.7269,426
0.8176,120
0.8176,120
0.8176,120
0.5839,-9
0.5839,-9
0.5839,-9
0.7845,2024
0.7845,2024
0.7845,2024
0.8519,2024
0.8519,2024
0.8519,2024
0.6369,51
0.6369,51
0.6369,51
0.7184,10
0.7184,10
0.7184,10
0.5106,426
0.5106,426
0.5106,426
0.826,-3
0.826,-3
0.826,-3
0.5696,-241
0.5696,-241
0.5696,-241
0.7906,210
0.7906,210
0.7906,210
0.6369,1624
0.6369,1624
0.6369,1624
0.8555,1624
0.8555,1624
0.8555,1624
0.5423,2024
0.5423,2024
0.5423,2024
0.597,-9
0.597,-9
0.597,-9
0.5719,-9
0.5719,-9
0.5719,-9
0.5994,1624
0.5994,1624
0.5994,1624
0.8356,-9
0.8356,-9
0.8356,-9
0.875,2024
0.875,2024
0.875,2024
0.8271,16
0.8271,16
0.8271,16
0.5859,2024
0.5859,2024
0.5859,2024
0.743,2024
0.743,2024
0.743,2024
0.6597,2582
0.6597,2582
0.6597,2582
0.743,2024
0.743,2024
0.743,2024
0.6124,-8
0.6124,-8
0.6124,-8
0.886,1624
0.886,1624
0.886,1624
0.6249,-9
0.6249,-9
0.6249,-9
0.5719,10
0.5719,10
0.5719,10
0.9758,426
0.9758,426
0.9758,426
0.6249,-9
0.6249,-9
0.6249,-9
0.7096,368
0.7096,368
0.7096,368
0.7003,2582
0.7003,2582
0.7003,2582
0.5106,-9
0.5106,-9
0.5106,-9
0.5106,426
0.5106,426
0.5106,426
0.5859,426
0.5859,426
0.5859,426
0.7845,426
0.7845,426
0.7845,426
0.7845,426
0.7184,99
0.7184,99
0.7184,99
0.7184,99
0.8329,-9
0.8329,-9
0.8329,-9
0.8329,-9
0.8316,-9
0.8316,-9
0.8316,-9
0.8316,-9
0.6476,-9
0.6476,-9
0.6476,-9
0.6476,-9
0.8779,32
0.8779,32
0.8779,32
0.8779,32
0.7351,-1215
0.7351,-1215
0.7351,-1215
0.7351,-1215
0.5514,-9
0.5514,-9
0.5514,-9
0.5514,-9
0.7269,121
0.7269,121
0.7269,121
0.7269,121
0.5859,4
0.5859,4
0.5859,4
0.5859,4
0.8807,368
0.8807,368
0.8807,368
0.8807,368
0.5719,-9
0.5719,-9
0.5719,-9
0.5719,-9
0.5574,-9
0.5574,-9
0.5574,-9
0.5574,-9
0.5562,368
0.5562,368
0.5562,368
0.5562,368
0.6597,120
0.6597,120
0.6597,120
0.6597,120
0.6728,-9
0.7184,-9
0.5719,44
0.5106,-140
0.5859,2024
0.7096,1624
0.6166,-3
0.6369,2582
0.7269,380
0.7777,-9
0.6249,-9
0.6369,2024
0.8655,-9
0.6369,368
0.8553,134
0.6369,-9
0.5994,120
0.7351,210
0.8934,10
0.8775,47
0.6369,-9
0.7249,368
0.5574,2024
0.5994,987
0.6808,-9
0.9191,-9
0.7906,-140
0.6399,-9
0.6239,2024
0.7712,368
0.7964,2024
0.7269,46
0.6476,84
0.5719,-9
0.891,10
0.5859,2024
0.5267,-9
0.6467,-9
0.7506,-9
0.7579,368
0.8481,2024
0.5719,3129
0.5423,-9
0.9153,3129
0.5423,-9
0.6597,44
0.836,2024
0.796,210
0.5106,120
0.7163,-14
0.836,2024
0.8126,115
0.5994,179
0.5994,179
0.5994,179
0.5994,179
0.8885,-140
0.8885,-140
0.8885,-140
0.8885,-140
0.5563,-9
0.5563,-9
0.5563,-9
0.5563,-9
0.6155,120
0.6155,120
0.6155,120
0.6155,120
0.6476,-403
0.6476,-403
0.6476,-403
0.6476,-403
0.5859,-9
0.5859,-9
0.5859,-9
0.5859,-9
0.6588,-140
0.6588,-140
0.6588,-140
0.6588,-140
0.5267,1624
0.5267,1624
0.5267,1624
0.5267,1624
0.7233,-9
0.7233,-9
0.7233,-9
0.7233,-9
0.8746,368
0.8746,368
0.8746,368
0.8746,368
0.7269,-9
0.7269,-9
0.7269,-9
0.7269,-9
0.5859,368
0.5859,368
0.5859,368
0.5859,2024
0.5859,2024
0.5859,2024
0.8271,368
0.8271,368
0.8271,368
0.5994,136
0.5994,136
0.5994,136
0.5972,-9
0.5972,-9
0.5972,-9
0.6124,-9
0.6124,-9
0.6124,-9
0.8225,368
0.8225,368
0.8225,368
0.6115,2024
0.6115,2024
0.6115,2024
0.7906,2024
0.7906,2024
0.7906,2024
0.6597,368
0.6597,368
0.6597,368
0.6597,1624
0.6597,1624
0.6597,1624
0.5859,-9
0.5859,-9
0.5859,-9
0.6114,2024
0.6114,2024
0.6114,2024
0.8622,-9
0.8622,-9
0.8622,-9
0.5562,2024
0.5562,2024
0.5562,2024
0.5574,1624
0.5574,1624
0.5574,1624
0.6199,-9
0.6199,-9
0.6199,-9
0.6605,-9
0.6605,-9
0.6605,-9
0.8192,-9
0.8192,-9
0.8192,-9
0.6114,107
0.6114,107
0.6114,107
0.6697,-224
0.6697,-224
0.6697,-224
0.5574,2024
0.5574,2024
0.5574,2024
0.5574,2024
0.6597,0
0.6597,0
0.6597,0
0.6597,0
0.7297,2024
0.7297,2024
0.7297,2024
0.7297,2024
0.7579,-9
0.7579,-9
0.7579,-9
0.7579,-9
0.7256,426
0.7256,426
0.7256,426
0.7256,426
0.6369,-1215
0.6369,-1215
0.6369,-1215
0.6369,-1215
0.6517,-9
0.6517,-9
0.6517,-9
0.6517,-9
0.7783,2024
0.7783,2024
0.7783,2024
0.7783,2024
0.5859,2024
0.5859,2024
0.5859,2024
0.5859,2024
0.6239,-9
0.6239,-9
0.6239,-9
0.6239,-9
0.7906,120
0.7906,120
0.7906,120
0.7906,120
0.784,115
0.784,115
0.784,115
0.784,115
0.7325,114
0.7325,114
0.7325,114
0.7325,114
0.8225,-9
0.8225,-9
0.8225,-9
0.8225,-9
0.8316,-9
0.8316,-9
0.8316,-9
0.8316,-9
0.6369,-9
0.6369,-9
0.6369,-9
0.6369,-9
0.6114,-9
0.6114,-9
0.6114,-9
0.6114,-9
0.9022,-241
0.9022,-241
0.9022,-241
0.9022,-241
0.6696,78
0.6696,78
0.6696,78
0.6696,78
0.5859,12
0.5859,12
0.5859,12
0.5859,12
0.7783,368
0.7783,368
0.7783,368
0.7783,368
0.8012,-9
0.8012,-9
0.8012,-9
0.8012,-9
0.5267,-1215
0.5267,-1215
0.5267,-1215
0.5267,-1215
0.8519,2024
0.8519,2024
0.8519,2024
0.8519,2024
0.9501,47
0.9501,47
0.9501,47
0.9501,47
0.6369,-9
0.6369,-9
0.6369,-9
0.6369,-9
0.7939,120
0.7939,120
0.7939,120
0.7939,120
0.765,-9
0.765,-9
0.765,-9
0.765,-9
0.8519,-9
0.8519,-9
0.8519,-9
0.8519,-9
0.5777,2024
0.5777,2024
0.5777,2024
0.5777,2024
0.765,-9
0.765,-9
0.765,-9
0.765,-9
0.6611,2024
0.6611,2024
0.6611,2024
0.6611,2024
0.5859,-9
0.5859,-9
0.5859,-9
0.5859,-9
0.765,-9
0.765,-9
0.765,-9
0.765,-9
0.6124,48
0.6124,48
0.6124,48
0.6467,-403
0.6467,-403
0.6467,-403
0.6115,-9
0.6115,-9
0.6115,-9
0.8442,47
0.8442,47
0.8442,47
0.8442,47
0.743,10
0.743,10
0.743,10
0.743,10
0.6369,368
0.6369,368
0.6369,368
0.6369,368
0.5106,-9
0.5106,-9
0.5106,-9
0.5106,-9
0.5859,-6
0.5859,-6
0.5859,-6
0.5859,-6
0.5859,-9
0.5859,-9
0.5859,-9
0.5859,-9
0.5562,-140
0.5562,-140
0.5562,-140
0.5562,-140
0.5556,1624
0.5556,1624
0.5556,1624
0.5556,1624
0.8555,48
0.8555,48
0.8555,48
0.8555,48
0.5983,55
0.5983,55
0.5983,55
0.5983,55
0.765,2024
0.765,2024
0.765,2024
0.765,2024
0.8143,4
0.8143,4
0.8143,4
0.8143,4
0.5267,2024
0.5267,2024
0.5267,2024
0.5267,2024
0.6467,-9
0.6467,-9
0.6467,-9
0.6467,-9
0.5859,-140
0.5859,-140
0.5859,-140
0.5859,-140
0.5859,426
0.5859,426
0.5859,426
0.5859,426
0.8555,2024
0.8555,2024
0.8555,2024
0.8555,2024
0.5267,48
0.5267,48
0.5267,48
0.5267,48
0.6808,426
0.6808,426
0.6808,426
0.6808,426
0.5141,10
0.5141,10
0.5141,10
0.5141,10
0.7964,179
0.7964,179
0.7964,179
0.7964,179
0.5719,2582
0.5719,2582
0.5719,2582
0.5719,2582
0.6369,368
0.6369,368
0.6369,368
0.6369,368
0.6249,189
0.6249,189
0.6249,189
0.6249,189
0.7003,44
0.7003,44
0.7003,44
0.7003,44
0.8955,1624
0.8955,1624
0.8955,1624
0.8955,1624
0.717,-9
0.717,-9
0.717,-9
0.717,-9
0.5267,427
0.5267,427
0.5267,427
0.5267,427
0.5542,3129
0.5542,3129
0.5542,3129
0.5542,3129
0.6249,426
0.6249,426
0.6249,426
0.6249,426
0.6633,179
0.6633,179
0.6633,179
0.6633,179
0.5267,368
0.5267,368
0.5267,368
0.5267,368
0.7269,-1215
0.7269,-1215
0.7269,-1215
0.7269,-1215
0.6988,42
0.6988,42
0.6988,42
0.6988,42
0.5994,2024
0.5994,2024
0.5994,2024
0.5994,2024
0.8225,368
0.8225,368
0.8225,368
0.8225,368
0.5859,2024
0.5859,2024
0.5859,2024
0.5859,2024
0.6633,179
0.6633,179
0.6633,179
0.6633,179
0.6696,2024
0.6696,2024
0.6696,2024
0.6696,2024
0.5719,16
0.5719,16
0.5719,16
0.5719,16
0.6249,-9
0.6249,-9
0.6249,-9
0.6249,-9
0.7964,-9
0.7964,-9
0.7964,-9
0.7964,-9
0.6633,1624
0.6633,1624
0.6633,1624
0.6633,1624
0.5562,-9
0.5562,-9
0.5562,-9
0.5562,-9
0.6369,10
0.6369,10
0.6369,10
0.6369,10
0.7633,10
0.7633,10
0.7633,10
0.7633,10
0.75,115
0.75,115
0.75,115
0.75,115
0.8827,368
0.8827,368
0.8827,368
0.8827,368
0.6369,2024
0.6369,2024
0.6369,2024
0.6369,2024
0.8439,10
0.8439,10
0.8439,10
0.8439,10
0.7125,-9
0.7125,-9
0.7125,-9
0.7125,-9
0.7088,10
0.7088,10
0.7088,10
0.7088,10
0.7269,179
0.7269,179
0.7269,179
0.7269,179
0.7777,179
0.7777,179
0.7777,179
0.7777,179
0.7574,2024
0.7574,2024
0.7574,2024
0.7574,2024
0.5719,2582
0.5719,2582
0.5719,2582
0.5719,2582
0.7184,120
0.7184,120
0.7184,120
0.7184,120
0.83,115
0.83,115
0.83,115
0.83,115
0.8225,-9
0.8225,-9
0.8225,-9
0.8225,-9
0.7906,-9
0.7906,-9
0.7906,-9
0.7906,-9
0.6696,-9
0.6696,-9
0.6696,-9
0.6696,-9
0.5859,1624
0.5859,1624
0.5859,1624
0.9195,-9
0.9195,-9
0.9195,-9
0.7269,136
0.7269,136
0.7269,136
0.6597,368
0.6597,368
0.6597,368
0.5994,-9
0.5994,-9
0.5994,-9
0.5093,-9
0.5093,-9
0.5093,-9
0.7906,189
0.7906,189
0.7906,189
0.8494,2024
0.8494,2024
0.8494,2024
0.7269,2024
0.7269,2024
0.7269,2024
0.8384,368
0.8384,368
0.8384,368
0.5719,2024
0.5719,2024
0.5719,2024
0.9231,42
0.9231,42
0.9231,42
0.5719,107
0.5719,107
0.5719,107
0.5423,-9
0.5423,-9
0.5423,-9
0.5994,2024
0.5994,2024
0.5994,2024
0.6369,-9
0.6369,-9
0.6369,-9
0.8689,2024
0.8689,2024
0.8689,2024
0.8625,-2
0.8625,-2
0.8625,-2
0.5719,368
0.5719,368
0.5719,368
0.765,-9
0.765,-9
0.765,-9
